/home/georg/.local/lib/python3.10/site-packages/torch/cuda/__init__.py:716: UserWarning: Can't initialize NVML
  warnings.warn("Can't initialize NVML")
dataset: 247427 samples from 25 file(s)
  /home/georg/Desktop/flying_robot_course/experiments/logs/c1_2026-09-23_merged/A1_2026-09-23_17-17-26/A1_2026-09-23_17-17-26_merged_usd.csv: 2 drones x 7805 rows -> 7805 kept
  /home/georg/Desktop/flying_robot_course/experiments/logs/c1_2026-09-23_merged/A1_2026-09-23_17-18-48/A1_2026-09-23_17-18-48_merged_usd.csv: 2 drones x 8052 rows -> 8052 kept
  /home/georg/Desktop/flying_robot_course/experiments/logs/c1_2026-09-23_merged/A1_2026-09-23_17-36-06/A1_2026-09-23_17-36-06_merged_usd.csv: 2 drones x 8055 rows -> 8055 kept
  /home/georg/Desktop/flying_robot_course/experiments/logs/c1_2026-09-23_merged/A1_2026-09-23_17-37-26/A1_2026-09-23_17-37-26_merged_usd.csv: 2 drones x 7983 rows -> 7983 kept
  /home/georg/Desktop/flying_robot_course/experiments/logs/c1_2026-09-28_merged/A1_2026-09-28_17-47-50/A1_2026-09-28_17-47-50_merged_usd.csv: 2 drones x 7983 rows -> 7983 kept
  /home/georg/Desktop/flying_robot_course/experiments/logs/c1_2026-09-28_merged/A2_2026-09-28_17-49-37/A2_2026-09-28_17-49-37_merged_usd.csv: 2 drones x 7856 rows -> 7856 kept
  /home/georg/Desktop/flying_robot_course/experiments/logs/c1_2026-09-28_merged/A2_2026-09-28_17-52-55/A2_2026-09-28_17-52-55_merged_usd.csv: 2 drones x 7857 rows -> 7857 kept
  /home/georg/Desktop/flying_robot_course/experiments/logs/c1_2026-09-21_merged/A3_2026-09-21_13-00-57/A3_2026-09-21_13-00-57_merged_usd.csv: 2 drones x 17691 rows -> 17691 kept
  /home/georg/Desktop/flying_robot_course/experiments/logs/c1_2026-09-21_merged/A3_2026-09-21_13-02-56/A3_2026-09-21_13-02-56_merged_usd.csv: 2 drones x 17897 rows -> 17897 kept
  /home/georg/Desktop/flying_robot_course/experiments/logs/c1_2026-09-21_merged/A3_2026-09-21_13-04-34/A3_2026-09-21_13-04-34_merged_usd.csv: 2 drones x 10502 rows -> 10502 kept
  /home/georg/Desktop/flying_robot_course/experiments/logs/c1_2026-09-23_merged/A3_2026-09-23_17-45-03/A3_2026-09-23_17-45-03_merged_usd.csv: 2 drones x 10969 rows -> 10969 kept
  /home/georg/Desktop/flying_robot_course/experiments/logs/c1_2026-09-23_merged/A3_2026-09-23_17-46-43/A3_2026-09-23_17-46-43_merged_usd.csv: 2 drones x 10503 rows -> 10503 kept
  /home/georg/Desktop/flying_robot_course/experiments/logs/c1_2026-09-23_merged/A3_2026-09-23_17-54-32/A3_2026-09-23_17-54-32_merged_usd.csv: 2 drones x 13131 rows -> 13131 kept
  /home/georg/Desktop/flying_robot_course/experiments/logs/c1_2026-09-23_merged/A3_2026-09-23_17-57-32/A3_2026-09-23_17-57-32_merged_usd.csv: 2 drones x 13564 rows -> 13564 kept
  /home/georg/Desktop/flying_robot_course/experiments/logs/c1_2026-09-28_merged/A4_2026-09-28_17-20-20/A4_2026-09-28_17-20-20_merged_usd.csv: 2 drones x 9873 rows -> 9873 kept
  /home/georg/Desktop/flying_robot_course/experiments/logs/c1_2026-09-28_merged/A4_2026-09-28_17-23-40/A4_2026-09-28_17-23-40_merged_usd.csv: 2 drones x 9416 rows -> 9416 kept
  /home/georg/Desktop/flying_robot_course/experiments/logs/c1_2026-09-28_merged/A4_2026-09-28_17-25-41/A4_2026-09-28_17-25-41_merged_usd.csv: 2 drones x 9895 rows -> 9895 kept
  /home/georg/Desktop/flying_robot_course/experiments/logs/c1_2026-09-28_merged/A4_2026-09-28_17-27-11/A4_2026-09-28_17-27-11_merged_usd.csv: 2 drones x 9893 rows -> 9893 kept
  /home/georg/Desktop/flying_robot_course/experiments/logs/c1_2026-09-23_merged/A7_2026-09-23_19-11-19/A7_2026-09-23_19-11-19_merged_usd.csv: 2 drones x 6418 rows -> 6418 kept
  /home/georg/Desktop/flying_robot_course/experiments/logs/c1_2026-09-23_merged/A7_2026-09-23_19-12-38/A7_2026-09-23_19-12-38_merged_usd.csv: 2 drones x 6398 rows -> 6398 kept
  /home/georg/Desktop/flying_robot_course/experiments/logs/c1_2026-09-23_merged/A7_2026-09-23_19-13-55/A7_2026-09-23_19-13-55_merged_usd.csv: 2 drones x 6398 rows -> 6398 kept
  /home/georg/Desktop/flying_robot_course/experiments/logs/c1_2026-10-01_merged/A5_2026-10-01_17-18-28/A5_2026-10-01_17-18-28_merged_usd.csv: 2 drones x 9295 rows -> 9295 kept
  /home/georg/Desktop/flying_robot_course/experiments/logs/c1_2026-10-01_merged/A5_2026-10-01_17-20-06/A5_2026-10-01_17-20-06_merged_usd.csv: 2 drones x 9293 rows -> 9293 kept
  /home/georg/Desktop/flying_robot_course/experiments/logs/c1_2026-10-01_merged/A5_2026-10-01_17-44-57/A5_2026-10-01_17-44-57_merged_usd.csv: 2 drones x 9294 rows -> 9294 kept
  /home/georg/Desktop/flying_robot_course/experiments/logs/c1_2026-10-01_merged/A6_2026-10-01_17-33-00/A6_2026-10-01_17-33-00_merged_usd.csv: 2 drones x 11406 rows -> 11406 kept
  dropped_zero_a_res: 247427 (row-ticks summed over all ego drones; partner may read 0 a_res)
  no_neighbour_influence: 129544
normalisation (rel)    mu=[ 0.0089 -0.0067  0.4558 -0.0227 -0.017  -0.0429] sigma=[0.0653 0.0521 0.2284 0.4512 0.3803 0.1533]
normalisation (ground) mu=[-0.7514 -0.0117 -0.0088 -0.0211] sigma=[0.2893 0.3646 0.2915 0.1086]
train 197839 / val 49588 (contiguous blocks, not shuffled samples)
  epoch    0  train 0.36589  val RMSE 0.3931 m/s^2  *
  epoch   20  train 0.08116  val RMSE 0.2966 m/s^2  *
  epoch   39  train 0.07667  val RMSE 0.2966 m/s^2
best val RMSE 0.2931 m/s^2  (12.2s)
baseline (predict zero) 1.2403 m/s^2  ->  76.4% reduction
fold check: max |trained - exported| = 9.11e-07 m/s^2
wrote /home/georg/Desktop/flying_robot_course/experiments/analysis/out/c2_e2e_2026-10-01/loo_weights/train_without_A1_12-51-16.npz  (19297 weights)
/home/georg/.local/lib/python3.10/site-packages/torch/cuda/__init__.py:716: UserWarning: Can't initialize NVML
  warnings.warn("Can't initialize NVML")
dataset: 247176 samples from 25 file(s)
  /home/georg/Desktop/flying_robot_course/experiments/logs/c1_2026-09-21_merged/A1_2026-09-21_12-51-16/A1_2026-09-21_12-51-16_merged_usd.csv: 2 drones x 7554 rows -> 7554 kept
  /home/georg/Desktop/flying_robot_course/experiments/logs/c1_2026-09-23_merged/A1_2026-09-23_17-18-48/A1_2026-09-23_17-18-48_merged_usd.csv: 2 drones x 8052 rows -> 8052 kept
  /home/georg/Desktop/flying_robot_course/experiments/logs/c1_2026-09-23_merged/A1_2026-09-23_17-36-06/A1_2026-09-23_17-36-06_merged_usd.csv: 2 drones x 8055 rows -> 8055 kept
  /home/georg/Desktop/flying_robot_course/experiments/logs/c1_2026-09-23_merged/A1_2026-09-23_17-37-26/A1_2026-09-23_17-37-26_merged_usd.csv: 2 drones x 7983 rows -> 7983 kept
  /home/georg/Desktop/flying_robot_course/experiments/logs/c1_2026-09-28_merged/A1_2026-09-28_17-47-50/A1_2026-09-28_17-47-50_merged_usd.csv: 2 drones x 7983 rows -> 7983 kept
  /home/georg/Desktop/flying_robot_course/experiments/logs/c1_2026-09-28_merged/A2_2026-09-28_17-49-37/A2_2026-09-28_17-49-37_merged_usd.csv: 2 drones x 7856 rows -> 7856 kept
  /home/georg/Desktop/flying_robot_course/experiments/logs/c1_2026-09-28_merged/A2_2026-09-28_17-52-55/A2_2026-09-28_17-52-55_merged_usd.csv: 2 drones x 7857 rows -> 7857 kept
  /home/georg/Desktop/flying_robot_course/experiments/logs/c1_2026-09-21_merged/A3_2026-09-21_13-00-57/A3_2026-09-21_13-00-57_merged_usd.csv: 2 drones x 17691 rows -> 17691 kept
  /home/georg/Desktop/flying_robot_course/experiments/logs/c1_2026-09-21_merged/A3_2026-09-21_13-02-56/A3_2026-09-21_13-02-56_merged_usd.csv: 2 drones x 17897 rows -> 17897 kept
  /home/georg/Desktop/flying_robot_course/experiments/logs/c1_2026-09-21_merged/A3_2026-09-21_13-04-34/A3_2026-09-21_13-04-34_merged_usd.csv: 2 drones x 10502 rows -> 10502 kept
  /home/georg/Desktop/flying_robot_course/experiments/logs/c1_2026-09-23_merged/A3_2026-09-23_17-45-03/A3_2026-09-23_17-45-03_merged_usd.csv: 2 drones x 10969 rows -> 10969 kept
  /home/georg/Desktop/flying_robot_course/experiments/logs/c1_2026-09-23_merged/A3_2026-09-23_17-46-43/A3_2026-09-23_17-46-43_merged_usd.csv: 2 drones x 10503 rows -> 10503 kept
  /home/georg/Desktop/flying_robot_course/experiments/logs/c1_2026-09-23_merged/A3_2026-09-23_17-54-32/A3_2026-09-23_17-54-32_merged_usd.csv: 2 drones x 13131 rows -> 13131 kept
  /home/georg/Desktop/flying_robot_course/experiments/logs/c1_2026-09-23_merged/A3_2026-09-23_17-57-32/A3_2026-09-23_17-57-32_merged_usd.csv: 2 drones x 13564 rows -> 13564 kept
  /home/georg/Desktop/flying_robot_course/experiments/logs/c1_2026-09-28_merged/A4_2026-09-28_17-20-20/A4_2026-09-28_17-20-20_merged_usd.csv: 2 drones x 9873 rows -> 9873 kept
  /home/georg/Desktop/flying_robot_course/experiments/logs/c1_2026-09-28_merged/A4_2026-09-28_17-23-40/A4_2026-09-28_17-23-40_merged_usd.csv: 2 drones x 9416 rows -> 9416 kept
  /home/georg/Desktop/flying_robot_course/experiments/logs/c1_2026-09-28_merged/A4_2026-09-28_17-25-41/A4_2026-09-28_17-25-41_merged_usd.csv: 2 drones x 9895 rows -> 9895 kept
  /home/georg/Desktop/flying_robot_course/experiments/logs/c1_2026-09-28_merged/A4_2026-09-28_17-27-11/A4_2026-09-28_17-27-11_merged_usd.csv: 2 drones x 9893 rows -> 9893 kept
  /home/georg/Desktop/flying_robot_course/experiments/logs/c1_2026-09-23_merged/A7_2026-09-23_19-11-19/A7_2026-09-23_19-11-19_merged_usd.csv: 2 drones x 6418 rows -> 6418 kept
  /home/georg/Desktop/flying_robot_course/experiments/logs/c1_2026-09-23_merged/A7_2026-09-23_19-12-38/A7_2026-09-23_19-12-38_merged_usd.csv: 2 drones x 6398 rows -> 6398 kept
  /home/georg/Desktop/flying_robot_course/experiments/logs/c1_2026-09-23_merged/A7_2026-09-23_19-13-55/A7_2026-09-23_19-13-55_merged_usd.csv: 2 drones x 6398 rows -> 6398 kept
  /home/georg/Desktop/flying_robot_course/experiments/logs/c1_2026-10-01_merged/A5_2026-10-01_17-18-28/A5_2026-10-01_17-18-28_merged_usd.csv: 2 drones x 9295 rows -> 9295 kept
  /home/georg/Desktop/flying_robot_course/experiments/logs/c1_2026-10-01_merged/A5_2026-10-01_17-20-06/A5_2026-10-01_17-20-06_merged_usd.csv: 2 drones x 9293 rows -> 9293 kept
  /home/georg/Desktop/flying_robot_course/experiments/logs/c1_2026-10-01_merged/A5_2026-10-01_17-44-57/A5_2026-10-01_17-44-57_merged_usd.csv: 2 drones x 9294 rows -> 9294 kept
  /home/georg/Desktop/flying_robot_course/experiments/logs/c1_2026-10-01_merged/A6_2026-10-01_17-33-00/A6_2026-10-01_17-33-00_merged_usd.csv: 2 drones x 11406 rows -> 11406 kept
  dropped_zero_a_res: 247176 (row-ticks summed over all ego drones; partner may read 0 a_res)
  no_neighbour_influence: 129544
normalisation (rel)    mu=[ 0.0072 -0.0072  0.471  -0.0193 -0.018  -0.0425] sigma=[0.0655 0.0505 0.2327 0.4569 0.3631 0.1449]
normalisation (ground) mu=[-0.7517 -0.0112 -0.0085 -0.0209] sigma=[0.2895 0.3679 0.2811 0.1029]
train 197637 / val 49539 (contiguous blocks, not shuffled samples)
  epoch    0  train 0.36731  val RMSE 0.4287 m/s^2  *
  epoch   20  train 0.08564  val RMSE 0.3028 m/s^2
  epoch   39  train 0.08004  val RMSE 0.2999 m/s^2
best val RMSE 0.2986 m/s^2  (12.1s)
baseline (predict zero) 1.2706 m/s^2  ->  76.5% reduction
fold check: max |trained - exported| = 1.15e-06 m/s^2
wrote /home/georg/Desktop/flying_robot_course/experiments/analysis/out/c2_e2e_2026-10-01/loo_weights/train_without_A1_17-17-26.npz  (19297 weights)
/home/georg/.local/lib/python3.10/site-packages/torch/cuda/__init__.py:716: UserWarning: Can't initialize NVML
  warnings.warn("Can't initialize NVML")
dataset: 246929 samples from 25 file(s)
  /home/georg/Desktop/flying_robot_course/experiments/logs/c1_2026-09-21_merged/A1_2026-09-21_12-51-16/A1_2026-09-21_12-51-16_merged_usd.csv: 2 drones x 7554 rows -> 7554 kept
  /home/georg/Desktop/flying_robot_course/experiments/logs/c1_2026-09-23_merged/A1_2026-09-23_17-17-26/A1_2026-09-23_17-17-26_merged_usd.csv: 2 drones x 7805 rows -> 7805 kept
  /home/georg/Desktop/flying_robot_course/experiments/logs/c1_2026-09-23_merged/A1_2026-09-23_17-36-06/A1_2026-09-23_17-36-06_merged_usd.csv: 2 drones x 8055 rows -> 8055 kept
  /home/georg/Desktop/flying_robot_course/experiments/logs/c1_2026-09-23_merged/A1_2026-09-23_17-37-26/A1_2026-09-23_17-37-26_merged_usd.csv: 2 drones x 7983 rows -> 7983 kept
  /home/georg/Desktop/flying_robot_course/experiments/logs/c1_2026-09-28_merged/A1_2026-09-28_17-47-50/A1_2026-09-28_17-47-50_merged_usd.csv: 2 drones x 7983 rows -> 7983 kept
  /home/georg/Desktop/flying_robot_course/experiments/logs/c1_2026-09-28_merged/A2_2026-09-28_17-49-37/A2_2026-09-28_17-49-37_merged_usd.csv: 2 drones x 7856 rows -> 7856 kept
  /home/georg/Desktop/flying_robot_course/experiments/logs/c1_2026-09-28_merged/A2_2026-09-28_17-52-55/A2_2026-09-28_17-52-55_merged_usd.csv: 2 drones x 7857 rows -> 7857 kept
  /home/georg/Desktop/flying_robot_course/experiments/logs/c1_2026-09-21_merged/A3_2026-09-21_13-00-57/A3_2026-09-21_13-00-57_merged_usd.csv: 2 drones x 17691 rows -> 17691 kept
  /home/georg/Desktop/flying_robot_course/experiments/logs/c1_2026-09-21_merged/A3_2026-09-21_13-02-56/A3_2026-09-21_13-02-56_merged_usd.csv: 2 drones x 17897 rows -> 17897 kept
  /home/georg/Desktop/flying_robot_course/experiments/logs/c1_2026-09-21_merged/A3_2026-09-21_13-04-34/A3_2026-09-21_13-04-34_merged_usd.csv: 2 drones x 10502 rows -> 10502 kept
  /home/georg/Desktop/flying_robot_course/experiments/logs/c1_2026-09-23_merged/A3_2026-09-23_17-45-03/A3_2026-09-23_17-45-03_merged_usd.csv: 2 drones x 10969 rows -> 10969 kept
  /home/georg/Desktop/flying_robot_course/experiments/logs/c1_2026-09-23_merged/A3_2026-09-23_17-46-43/A3_2026-09-23_17-46-43_merged_usd.csv: 2 drones x 10503 rows -> 10503 kept
  /home/georg/Desktop/flying_robot_course/experiments/logs/c1_2026-09-23_merged/A3_2026-09-23_17-54-32/A3_2026-09-23_17-54-32_merged_usd.csv: 2 drones x 13131 rows -> 13131 kept
  /home/georg/Desktop/flying_robot_course/experiments/logs/c1_2026-09-23_merged/A3_2026-09-23_17-57-32/A3_2026-09-23_17-57-32_merged_usd.csv: 2 drones x 13564 rows -> 13564 kept
  /home/georg/Desktop/flying_robot_course/experiments/logs/c1_2026-09-28_merged/A4_2026-09-28_17-20-20/A4_2026-09-28_17-20-20_merged_usd.csv: 2 drones x 9873 rows -> 9873 kept
  /home/georg/Desktop/flying_robot_course/experiments/logs/c1_2026-09-28_merged/A4_2026-09-28_17-23-40/A4_2026-09-28_17-23-40_merged_usd.csv: 2 drones x 9416 rows -> 9416 kept
  /home/georg/Desktop/flying_robot_course/experiments/logs/c1_2026-09-28_merged/A4_2026-09-28_17-25-41/A4_2026-09-28_17-25-41_merged_usd.csv: 2 drones x 9895 rows -> 9895 kept
  /home/georg/Desktop/flying_robot_course/experiments/logs/c1_2026-09-28_merged/A4_2026-09-28_17-27-11/A4_2026-09-28_17-27-11_merged_usd.csv: 2 drones x 9893 rows -> 9893 kept
  /home/georg/Desktop/flying_robot_course/experiments/logs/c1_2026-09-23_merged/A7_2026-09-23_19-11-19/A7_2026-09-23_19-11-19_merged_usd.csv: 2 drones x 6418 rows -> 6418 kept
  /home/georg/Desktop/flying_robot_course/experiments/logs/c1_2026-09-23_merged/A7_2026-09-23_19-12-38/A7_2026-09-23_19-12-38_merged_usd.csv: 2 drones x 6398 rows -> 6398 kept
  /home/georg/Desktop/flying_robot_course/experiments/logs/c1_2026-09-23_merged/A7_2026-09-23_19-13-55/A7_2026-09-23_19-13-55_merged_usd.csv: 2 drones x 6398 rows -> 6398 kept
  /home/georg/Desktop/flying_robot_course/experiments/logs/c1_2026-10-01_merged/A5_2026-10-01_17-18-28/A5_2026-10-01_17-18-28_merged_usd.csv: 2 drones x 9295 rows -> 9295 kept
  /home/georg/Desktop/flying_robot_course/experiments/logs/c1_2026-10-01_merged/A5_2026-10-01_17-20-06/A5_2026-10-01_17-20-06_merged_usd.csv: 2 drones x 9293 rows -> 9293 kept
  /home/georg/Desktop/flying_robot_course/experiments/logs/c1_2026-10-01_merged/A5_2026-10-01_17-44-57/A5_2026-10-01_17-44-57_merged_usd.csv: 2 drones x 9294 rows -> 9294 kept
  /home/georg/Desktop/flying_robot_course/experiments/logs/c1_2026-10-01_merged/A6_2026-10-01_17-33-00/A6_2026-10-01_17-33-00_merged_usd.csv: 2 drones x 11406 rows -> 11406 kept
  dropped_zero_a_res: 246929 (row-ticks summed over all ego drones; partner may read 0 a_res)
  no_neighbour_influence: 129544
normalisation (rel)    mu=[ 0.0077 -0.0067  0.4697 -0.0212 -0.018  -0.0421] sigma=[0.066  0.051  0.2333 0.4578 0.364  0.148 ]
normalisation (ground) mu=[-0.7524 -0.0119 -0.0083 -0.0207] sigma=[0.2898 0.3682 0.2812 0.1049]
train 197340 / val 49589 (contiguous blocks, not shuffled samples)
  epoch    0  train 0.35492  val RMSE 0.4384 m/s^2  *
  epoch   20  train 0.07874  val RMSE 0.3429 m/s^2
  epoch   39  train 0.07367  val RMSE 0.3405 m/s^2
best val RMSE 0.3381 m/s^2  (12.1s)
baseline (predict zero) 1.3476 m/s^2  ->  74.9% reduction
fold check: max |trained - exported| = 1.21e-06 m/s^2
wrote /home/georg/Desktop/flying_robot_course/experiments/analysis/out/c2_e2e_2026-10-01/loo_weights/train_without_A1_17-18-48.npz  (19297 weights)
/home/georg/.local/lib/python3.10/site-packages/torch/cuda/__init__.py:716: UserWarning: Can't initialize NVML
  warnings.warn("Can't initialize NVML")
dataset: 246926 samples from 25 file(s)
  /home/georg/Desktop/flying_robot_course/experiments/logs/c1_2026-09-21_merged/A1_2026-09-21_12-51-16/A1_2026-09-21_12-51-16_merged_usd.csv: 2 drones x 7554 rows -> 7554 kept
  /home/georg/Desktop/flying_robot_course/experiments/logs/c1_2026-09-23_merged/A1_2026-09-23_17-17-26/A1_2026-09-23_17-17-26_merged_usd.csv: 2 drones x 7805 rows -> 7805 kept
  /home/georg/Desktop/flying_robot_course/experiments/logs/c1_2026-09-23_merged/A1_2026-09-23_17-18-48/A1_2026-09-23_17-18-48_merged_usd.csv: 2 drones x 8052 rows -> 8052 kept
  /home/georg/Desktop/flying_robot_course/experiments/logs/c1_2026-09-23_merged/A1_2026-09-23_17-37-26/A1_2026-09-23_17-37-26_merged_usd.csv: 2 drones x 7983 rows -> 7983 kept
  /home/georg/Desktop/flying_robot_course/experiments/logs/c1_2026-09-28_merged/A1_2026-09-28_17-47-50/A1_2026-09-28_17-47-50_merged_usd.csv: 2 drones x 7983 rows -> 7983 kept
  /home/georg/Desktop/flying_robot_course/experiments/logs/c1_2026-09-28_merged/A2_2026-09-28_17-49-37/A2_2026-09-28_17-49-37_merged_usd.csv: 2 drones x 7856 rows -> 7856 kept
  /home/georg/Desktop/flying_robot_course/experiments/logs/c1_2026-09-28_merged/A2_2026-09-28_17-52-55/A2_2026-09-28_17-52-55_merged_usd.csv: 2 drones x 7857 rows -> 7857 kept
  /home/georg/Desktop/flying_robot_course/experiments/logs/c1_2026-09-21_merged/A3_2026-09-21_13-00-57/A3_2026-09-21_13-00-57_merged_usd.csv: 2 drones x 17691 rows -> 17691 kept
  /home/georg/Desktop/flying_robot_course/experiments/logs/c1_2026-09-21_merged/A3_2026-09-21_13-02-56/A3_2026-09-21_13-02-56_merged_usd.csv: 2 drones x 17897 rows -> 17897 kept
  /home/georg/Desktop/flying_robot_course/experiments/logs/c1_2026-09-21_merged/A3_2026-09-21_13-04-34/A3_2026-09-21_13-04-34_merged_usd.csv: 2 drones x 10502 rows -> 10502 kept
  /home/georg/Desktop/flying_robot_course/experiments/logs/c1_2026-09-23_merged/A3_2026-09-23_17-45-03/A3_2026-09-23_17-45-03_merged_usd.csv: 2 drones x 10969 rows -> 10969 kept
  /home/georg/Desktop/flying_robot_course/experiments/logs/c1_2026-09-23_merged/A3_2026-09-23_17-46-43/A3_2026-09-23_17-46-43_merged_usd.csv: 2 drones x 10503 rows -> 10503 kept
  /home/georg/Desktop/flying_robot_course/experiments/logs/c1_2026-09-23_merged/A3_2026-09-23_17-54-32/A3_2026-09-23_17-54-32_merged_usd.csv: 2 drones x 13131 rows -> 13131 kept
  /home/georg/Desktop/flying_robot_course/experiments/logs/c1_2026-09-23_merged/A3_2026-09-23_17-57-32/A3_2026-09-23_17-57-32_merged_usd.csv: 2 drones x 13564 rows -> 13564 kept
  /home/georg/Desktop/flying_robot_course/experiments/logs/c1_2026-09-28_merged/A4_2026-09-28_17-20-20/A4_2026-09-28_17-20-20_merged_usd.csv: 2 drones x 9873 rows -> 9873 kept
  /home/georg/Desktop/flying_robot_course/experiments/logs/c1_2026-09-28_merged/A4_2026-09-28_17-23-40/A4_2026-09-28_17-23-40_merged_usd.csv: 2 drones x 9416 rows -> 9416 kept
  /home/georg/Desktop/flying_robot_course/experiments/logs/c1_2026-09-28_merged/A4_2026-09-28_17-25-41/A4_2026-09-28_17-25-41_merged_usd.csv: 2 drones x 9895 rows -> 9895 kept
  /home/georg/Desktop/flying_robot_course/experiments/logs/c1_2026-09-28_merged/A4_2026-09-28_17-27-11/A4_2026-09-28_17-27-11_merged_usd.csv: 2 drones x 9893 rows -> 9893 kept
  /home/georg/Desktop/flying_robot_course/experiments/logs/c1_2026-09-23_merged/A7_2026-09-23_19-11-19/A7_2026-09-23_19-11-19_merged_usd.csv: 2 drones x 6418 rows -> 6418 kept
  /home/georg/Desktop/flying_robot_course/experiments/logs/c1_2026-09-23_merged/A7_2026-09-23_19-12-38/A7_2026-09-23_19-12-38_merged_usd.csv: 2 drones x 6398 rows -> 6398 kept
  /home/georg/Desktop/flying_robot_course/experiments/logs/c1_2026-09-23_merged/A7_2026-09-23_19-13-55/A7_2026-09-23_19-13-55_merged_usd.csv: 2 drones x 6398 rows -> 6398 kept
  /home/georg/Desktop/flying_robot_course/experiments/logs/c1_2026-10-01_merged/A5_2026-10-01_17-18-28/A5_2026-10-01_17-18-28_merged_usd.csv: 2 drones x 9295 rows -> 9295 kept
  /home/georg/Desktop/flying_robot_course/experiments/logs/c1_2026-10-01_merged/A5_2026-10-01_17-20-06/A5_2026-10-01_17-20-06_merged_usd.csv: 2 drones x 9293 rows -> 9293 kept
  /home/georg/Desktop/flying_robot_course/experiments/logs/c1_2026-10-01_merged/A5_2026-10-01_17-44-57/A5_2026-10-01_17-44-57_merged_usd.csv: 2 drones x 9294 rows -> 9294 kept
  /home/georg/Desktop/flying_robot_course/experiments/logs/c1_2026-10-01_merged/A6_2026-10-01_17-33-00/A6_2026-10-01_17-33-00_merged_usd.csv: 2 drones x 11406 rows -> 11406 kept
  dropped_zero_a_res: 246926 (row-ticks summed over all ego drones; partner may read 0 a_res)
  no_neighbour_influence: 129544
normalisation (rel)    mu=[ 0.0075 -0.0067  0.4588 -0.0197 -0.0182 -0.0438] sigma=[0.0661 0.052  0.2312 0.4608 0.3797 0.151 ]
normalisation (ground) mu=[-0.7513 -0.0115 -0.0086 -0.0214] sigma=[0.2895 0.3699 0.2909 0.107 ]
train 197344 / val 49582 (contiguous blocks, not shuffled samples)
  epoch    0  train 0.35358  val RMSE 0.4433 m/s^2  *
  epoch   20  train 0.07750  val RMSE 0.3470 m/s^2
  epoch   39  train 0.07332  val RMSE 0.3437 m/s^2
best val RMSE 0.3406 m/s^2  (11.9s)
baseline (predict zero) 1.3326 m/s^2  ->  74.4% reduction
fold check: max |trained - exported| = 8.98e-07 m/s^2
wrote /home/georg/Desktop/flying_robot_course/experiments/analysis/out/c2_e2e_2026-10-01/loo_weights/train_without_A1_17-36-06.npz  (19297 weights)
/home/georg/.local/lib/python3.10/site-packages/torch/cuda/__init__.py:716: UserWarning: Can't initialize NVML
  warnings.warn("Can't initialize NVML")
dataset: 246998 samples from 25 file(s)
  /home/georg/Desktop/flying_robot_course/experiments/logs/c1_2026-09-21_merged/A1_2026-09-21_12-51-16/A1_2026-09-21_12-51-16_merged_usd.csv: 2 drones x 7554 rows -> 7554 kept
  /home/georg/Desktop/flying_robot_course/experiments/logs/c1_2026-09-23_merged/A1_2026-09-23_17-17-26/A1_2026-09-23_17-17-26_merged_usd.csv: 2 drones x 7805 rows -> 7805 kept
  /home/georg/Desktop/flying_robot_course/experiments/logs/c1_2026-09-23_merged/A1_2026-09-23_17-18-48/A1_2026-09-23_17-18-48_merged_usd.csv: 2 drones x 8052 rows -> 8052 kept
  /home/georg/Desktop/flying_robot_course/experiments/logs/c1_2026-09-23_merged/A1_2026-09-23_17-36-06/A1_2026-09-23_17-36-06_merged_usd.csv: 2 drones x 8055 rows -> 8055 kept
  /home/georg/Desktop/flying_robot_course/experiments/logs/c1_2026-09-28_merged/A1_2026-09-28_17-47-50/A1_2026-09-28_17-47-50_merged_usd.csv: 2 drones x 7983 rows -> 7983 kept
  /home/georg/Desktop/flying_robot_course/experiments/logs/c1_2026-09-28_merged/A2_2026-09-28_17-49-37/A2_2026-09-28_17-49-37_merged_usd.csv: 2 drones x 7856 rows -> 7856 kept
  /home/georg/Desktop/flying_robot_course/experiments/logs/c1_2026-09-28_merged/A2_2026-09-28_17-52-55/A2_2026-09-28_17-52-55_merged_usd.csv: 2 drones x 7857 rows -> 7857 kept
  /home/georg/Desktop/flying_robot_course/experiments/logs/c1_2026-09-21_merged/A3_2026-09-21_13-00-57/A3_2026-09-21_13-00-57_merged_usd.csv: 2 drones x 17691 rows -> 17691 kept
  /home/georg/Desktop/flying_robot_course/experiments/logs/c1_2026-09-21_merged/A3_2026-09-21_13-02-56/A3_2026-09-21_13-02-56_merged_usd.csv: 2 drones x 17897 rows -> 17897 kept
  /home/georg/Desktop/flying_robot_course/experiments/logs/c1_2026-09-21_merged/A3_2026-09-21_13-04-34/A3_2026-09-21_13-04-34_merged_usd.csv: 2 drones x 10502 rows -> 10502 kept
  /home/georg/Desktop/flying_robot_course/experiments/logs/c1_2026-09-23_merged/A3_2026-09-23_17-45-03/A3_2026-09-23_17-45-03_merged_usd.csv: 2 drones x 10969 rows -> 10969 kept
  /home/georg/Desktop/flying_robot_course/experiments/logs/c1_2026-09-23_merged/A3_2026-09-23_17-46-43/A3_2026-09-23_17-46-43_merged_usd.csv: 2 drones x 10503 rows -> 10503 kept
  /home/georg/Desktop/flying_robot_course/experiments/logs/c1_2026-09-23_merged/A3_2026-09-23_17-54-32/A3_2026-09-23_17-54-32_merged_usd.csv: 2 drones x 13131 rows -> 13131 kept
  /home/georg/Desktop/flying_robot_course/experiments/logs/c1_2026-09-23_merged/A3_2026-09-23_17-57-32/A3_2026-09-23_17-57-32_merged_usd.csv: 2 drones x 13564 rows -> 13564 kept
  /home/georg/Desktop/flying_robot_course/experiments/logs/c1_2026-09-28_merged/A4_2026-09-28_17-20-20/A4_2026-09-28_17-20-20_merged_usd.csv: 2 drones x 9873 rows -> 9873 kept
  /home/georg/Desktop/flying_robot_course/experiments/logs/c1_2026-09-28_merged/A4_2026-09-28_17-23-40/A4_2026-09-28_17-23-40_merged_usd.csv: 2 drones x 9416 rows -> 9416 kept
  /home/georg/Desktop/flying_robot_course/experiments/logs/c1_2026-09-28_merged/A4_2026-09-28_17-25-41/A4_2026-09-28_17-25-41_merged_usd.csv: 2 drones x 9895 rows -> 9895 kept
  /home/georg/Desktop/flying_robot_course/experiments/logs/c1_2026-09-28_merged/A4_2026-09-28_17-27-11/A4_2026-09-28_17-27-11_merged_usd.csv: 2 drones x 9893 rows -> 9893 kept
  /home/georg/Desktop/flying_robot_course/experiments/logs/c1_2026-09-23_merged/A7_2026-09-23_19-11-19/A7_2026-09-23_19-11-19_merged_usd.csv: 2 drones x 6418 rows -> 6418 kept
  /home/georg/Desktop/flying_robot_course/experiments/logs/c1_2026-09-23_merged/A7_2026-09-23_19-12-38/A7_2026-09-23_19-12-38_merged_usd.csv: 2 drones x 6398 rows -> 6398 kept
  /home/georg/Desktop/flying_robot_course/experiments/logs/c1_2026-09-23_merged/A7_2026-09-23_19-13-55/A7_2026-09-23_19-13-55_merged_usd.csv: 2 drones x 6398 rows -> 6398 kept
  /home/georg/Desktop/flying_robot_course/experiments/logs/c1_2026-10-01_merged/A5_2026-10-01_17-18-28/A5_2026-10-01_17-18-28_merged_usd.csv: 2 drones x 9295 rows -> 9295 kept
  /home/georg/Desktop/flying_robot_course/experiments/logs/c1_2026-10-01_merged/A5_2026-10-01_17-20-06/A5_2026-10-01_17-20-06_merged_usd.csv: 2 drones x 9293 rows -> 9293 kept
  /home/georg/Desktop/flying_robot_course/experiments/logs/c1_2026-10-01_merged/A5_2026-10-01_17-44-57/A5_2026-10-01_17-44-57_merged_usd.csv: 2 drones x 9294 rows -> 9294 kept
  /home/georg/Desktop/flying_robot_course/experiments/logs/c1_2026-10-01_merged/A6_2026-10-01_17-33-00/A6_2026-10-01_17-33-00_merged_usd.csv: 2 drones x 11406 rows -> 11406 kept
  dropped_zero_a_res: 246998 (row-ticks summed over all ego drones; partner may read 0 a_res)
  no_neighbour_influence: 129544
normalisation (rel)    mu=[ 0.0075 -0.006   0.4593 -0.0199 -0.0188 -0.0438] sigma=[0.0661 0.0519 0.2313 0.4604 0.3793 0.1506]
normalisation (ground) mu=[-0.7512 -0.0116 -0.0084 -0.0215] sigma=[0.2895 0.3698 0.2908 0.1068]
train 197397 / val 49601 (contiguous blocks, not shuffled samples)
  epoch    0  train 0.35255  val RMSE 0.4504 m/s^2  *
  epoch   20  train 0.07946  val RMSE 0.3417 m/s^2
  epoch   39  train 0.07455  val RMSE 0.3390 m/s^2
best val RMSE 0.3363 m/s^2  (12.0s)
baseline (predict zero) 1.3419 m/s^2  ->  74.9% reduction
fold check: max |trained - exported| = 8.04e-07 m/s^2
wrote /home/georg/Desktop/flying_robot_course/experiments/analysis/out/c2_e2e_2026-10-01/loo_weights/train_without_A1_17-37-26.npz  (19297 weights)
/home/georg/.local/lib/python3.10/site-packages/torch/cuda/__init__.py:716: UserWarning: Can't initialize NVML
  warnings.warn("Can't initialize NVML")
dataset: 246998 samples from 25 file(s)
  /home/georg/Desktop/flying_robot_course/experiments/logs/c1_2026-09-21_merged/A1_2026-09-21_12-51-16/A1_2026-09-21_12-51-16_merged_usd.csv: 2 drones x 7554 rows -> 7554 kept
  /home/georg/Desktop/flying_robot_course/experiments/logs/c1_2026-09-23_merged/A1_2026-09-23_17-17-26/A1_2026-09-23_17-17-26_merged_usd.csv: 2 drones x 7805 rows -> 7805 kept
  /home/georg/Desktop/flying_robot_course/experiments/logs/c1_2026-09-23_merged/A1_2026-09-23_17-18-48/A1_2026-09-23_17-18-48_merged_usd.csv: 2 drones x 8052 rows -> 8052 kept
  /home/georg/Desktop/flying_robot_course/experiments/logs/c1_2026-09-23_merged/A1_2026-09-23_17-36-06/A1_2026-09-23_17-36-06_merged_usd.csv: 2 drones x 8055 rows -> 8055 kept
  /home/georg/Desktop/flying_robot_course/experiments/logs/c1_2026-09-23_merged/A1_2026-09-23_17-37-26/A1_2026-09-23_17-37-26_merged_usd.csv: 2 drones x 7983 rows -> 7983 kept
  /home/georg/Desktop/flying_robot_course/experiments/logs/c1_2026-09-28_merged/A2_2026-09-28_17-49-37/A2_2026-09-28_17-49-37_merged_usd.csv: 2 drones x 7856 rows -> 7856 kept
  /home/georg/Desktop/flying_robot_course/experiments/logs/c1_2026-09-28_merged/A2_2026-09-28_17-52-55/A2_2026-09-28_17-52-55_merged_usd.csv: 2 drones x 7857 rows -> 7857 kept
  /home/georg/Desktop/flying_robot_course/experiments/logs/c1_2026-09-21_merged/A3_2026-09-21_13-00-57/A3_2026-09-21_13-00-57_merged_usd.csv: 2 drones x 17691 rows -> 17691 kept
  /home/georg/Desktop/flying_robot_course/experiments/logs/c1_2026-09-21_merged/A3_2026-09-21_13-02-56/A3_2026-09-21_13-02-56_merged_usd.csv: 2 drones x 17897 rows -> 17897 kept
  /home/georg/Desktop/flying_robot_course/experiments/logs/c1_2026-09-21_merged/A3_2026-09-21_13-04-34/A3_2026-09-21_13-04-34_merged_usd.csv: 2 drones x 10502 rows -> 10502 kept
  /home/georg/Desktop/flying_robot_course/experiments/logs/c1_2026-09-23_merged/A3_2026-09-23_17-45-03/A3_2026-09-23_17-45-03_merged_usd.csv: 2 drones x 10969 rows -> 10969 kept
  /home/georg/Desktop/flying_robot_course/experiments/logs/c1_2026-09-23_merged/A3_2026-09-23_17-46-43/A3_2026-09-23_17-46-43_merged_usd.csv: 2 drones x 10503 rows -> 10503 kept
  /home/georg/Desktop/flying_robot_course/experiments/logs/c1_2026-09-23_merged/A3_2026-09-23_17-54-32/A3_2026-09-23_17-54-32_merged_usd.csv: 2 drones x 13131 rows -> 13131 kept
  /home/georg/Desktop/flying_robot_course/experiments/logs/c1_2026-09-23_merged/A3_2026-09-23_17-57-32/A3_2026-09-23_17-57-32_merged_usd.csv: 2 drones x 13564 rows -> 13564 kept
  /home/georg/Desktop/flying_robot_course/experiments/logs/c1_2026-09-28_merged/A4_2026-09-28_17-20-20/A4_2026-09-28_17-20-20_merged_usd.csv: 2 drones x 9873 rows -> 9873 kept
  /home/georg/Desktop/flying_robot_course/experiments/logs/c1_2026-09-28_merged/A4_2026-09-28_17-23-40/A4_2026-09-28_17-23-40_merged_usd.csv: 2 drones x 9416 rows -> 9416 kept
  /home/georg/Desktop/flying_robot_course/experiments/logs/c1_2026-09-28_merged/A4_2026-09-28_17-25-41/A4_2026-09-28_17-25-41_merged_usd.csv: 2 drones x 9895 rows -> 9895 kept
  /home/georg/Desktop/flying_robot_course/experiments/logs/c1_2026-09-28_merged/A4_2026-09-28_17-27-11/A4_2026-09-28_17-27-11_merged_usd.csv: 2 drones x 9893 rows -> 9893 kept
  /home/georg/Desktop/flying_robot_course/experiments/logs/c1_2026-09-23_merged/A7_2026-09-23_19-11-19/A7_2026-09-23_19-11-19_merged_usd.csv: 2 drones x 6418 rows -> 6418 kept
  /home/georg/Desktop/flying_robot_course/experiments/logs/c1_2026-09-23_merged/A7_2026-09-23_19-12-38/A7_2026-09-23_19-12-38_merged_usd.csv: 2 drones x 6398 rows -> 6398 kept
  /home/georg/Desktop/flying_robot_course/experiments/logs/c1_2026-09-23_merged/A7_2026-09-23_19-13-55/A7_2026-09-23_19-13-55_merged_usd.csv: 2 drones x 6398 rows -> 6398 kept
  /home/georg/Desktop/flying_robot_course/experiments/logs/c1_2026-10-01_merged/A5_2026-10-01_17-18-28/A5_2026-10-01_17-18-28_merged_usd.csv: 2 drones x 9295 rows -> 9295 kept
  /home/georg/Desktop/flying_robot_course/experiments/logs/c1_2026-10-01_merged/A5_2026-10-01_17-20-06/A5_2026-10-01_17-20-06_merged_usd.csv: 2 drones x 9293 rows -> 9293 kept
  /home/georg/Desktop/flying_robot_course/experiments/logs/c1_2026-10-01_merged/A5_2026-10-01_17-44-57/A5_2026-10-01_17-44-57_merged_usd.csv: 2 drones x 9294 rows -> 9294 kept
  /home/georg/Desktop/flying_robot_course/experiments/logs/c1_2026-10-01_merged/A6_2026-10-01_17-33-00/A6_2026-10-01_17-33-00_merged_usd.csv: 2 drones x 11406 rows -> 11406 kept
  dropped_zero_a_res: 246998 (row-ticks summed over all ego drones; partner may read 0 a_res)
  no_neighbour_influence: 129544
normalisation (rel)    mu=[ 0.0087 -0.0075  0.4782 -0.0206 -0.016  -0.0422] sigma=[0.0654 0.0491 0.2293 0.4539 0.3455 0.1528]
normalisation (ground) mu=[-0.7522 -0.011  -0.0078 -0.0206] sigma=[0.2897 0.3652 0.2695 0.1081]
train 197397 / val 49601 (contiguous blocks, not shuffled samples)
  epoch    0  train 0.35743  val RMSE 0.4471 m/s^2  *
  epoch   20  train 0.07970  val RMSE 0.3522 m/s^2
  epoch   39  train 0.07515  val RMSE 0.3496 m/s^2
best val RMSE 0.3461 m/s^2  (12.4s)
baseline (predict zero) 1.3597 m/s^2  ->  74.5% reduction
fold check: max |trained - exported| = 8.99e-07 m/s^2
wrote /home/georg/Desktop/flying_robot_course/experiments/analysis/out/c2_e2e_2026-10-01/loo_weights/train_without_A1_17-47-50.npz  (19297 weights)
/home/georg/.local/lib/python3.10/site-packages/torch/cuda/__init__.py:716: UserWarning: Can't initialize NVML
  warnings.warn("Can't initialize NVML")
dataset: 247125 samples from 25 file(s)
  /home/georg/Desktop/flying_robot_course/experiments/logs/c1_2026-09-21_merged/A1_2026-09-21_12-51-16/A1_2026-09-21_12-51-16_merged_usd.csv: 2 drones x 7554 rows -> 7554 kept
  /home/georg/Desktop/flying_robot_course/experiments/logs/c1_2026-09-23_merged/A1_2026-09-23_17-17-26/A1_2026-09-23_17-17-26_merged_usd.csv: 2 drones x 7805 rows -> 7805 kept
  /home/georg/Desktop/flying_robot_course/experiments/logs/c1_2026-09-23_merged/A1_2026-09-23_17-18-48/A1_2026-09-23_17-18-48_merged_usd.csv: 2 drones x 8052 rows -> 8052 kept
  /home/georg/Desktop/flying_robot_course/experiments/logs/c1_2026-09-23_merged/A1_2026-09-23_17-36-06/A1_2026-09-23_17-36-06_merged_usd.csv: 2 drones x 8055 rows -> 8055 kept
  /home/georg/Desktop/flying_robot_course/experiments/logs/c1_2026-09-23_merged/A1_2026-09-23_17-37-26/A1_2026-09-23_17-37-26_merged_usd.csv: 2 drones x 7983 rows -> 7983 kept
  /home/georg/Desktop/flying_robot_course/experiments/logs/c1_2026-09-28_merged/A1_2026-09-28_17-47-50/A1_2026-09-28_17-47-50_merged_usd.csv: 2 drones x 7983 rows -> 7983 kept
  /home/georg/Desktop/flying_robot_course/experiments/logs/c1_2026-09-28_merged/A2_2026-09-28_17-52-55/A2_2026-09-28_17-52-55_merged_usd.csv: 2 drones x 7857 rows -> 7857 kept
  /home/georg/Desktop/flying_robot_course/experiments/logs/c1_2026-09-21_merged/A3_2026-09-21_13-00-57/A3_2026-09-21_13-00-57_merged_usd.csv: 2 drones x 17691 rows -> 17691 kept
  /home/georg/Desktop/flying_robot_course/experiments/logs/c1_2026-09-21_merged/A3_2026-09-21_13-02-56/A3_2026-09-21_13-02-56_merged_usd.csv: 2 drones x 17897 rows -> 17897 kept
  /home/georg/Desktop/flying_robot_course/experiments/logs/c1_2026-09-21_merged/A3_2026-09-21_13-04-34/A3_2026-09-21_13-04-34_merged_usd.csv: 2 drones x 10502 rows -> 10502 kept
  /home/georg/Desktop/flying_robot_course/experiments/logs/c1_2026-09-23_merged/A3_2026-09-23_17-45-03/A3_2026-09-23_17-45-03_merged_usd.csv: 2 drones x 10969 rows -> 10969 kept
  /home/georg/Desktop/flying_robot_course/experiments/logs/c1_2026-09-23_merged/A3_2026-09-23_17-46-43/A3_2026-09-23_17-46-43_merged_usd.csv: 2 drones x 10503 rows -> 10503 kept
  /home/georg/Desktop/flying_robot_course/experiments/logs/c1_2026-09-23_merged/A3_2026-09-23_17-54-32/A3_2026-09-23_17-54-32_merged_usd.csv: 2 drones x 13131 rows -> 13131 kept
  /home/georg/Desktop/flying_robot_course/experiments/logs/c1_2026-09-23_merged/A3_2026-09-23_17-57-32/A3_2026-09-23_17-57-32_merged_usd.csv: 2 drones x 13564 rows -> 13564 kept
  /home/georg/Desktop/flying_robot_course/experiments/logs/c1_2026-09-28_merged/A4_2026-09-28_17-20-20/A4_2026-09-28_17-20-20_merged_usd.csv: 2 drones x 9873 rows -> 9873 kept
  /home/georg/Desktop/flying_robot_course/experiments/logs/c1_2026-09-28_merged/A4_2026-09-28_17-23-40/A4_2026-09-28_17-23-40_merged_usd.csv: 2 drones x 9416 rows -> 9416 kept
  /home/georg/Desktop/flying_robot_course/experiments/logs/c1_2026-09-28_merged/A4_2026-09-28_17-25-41/A4_2026-09-28_17-25-41_merged_usd.csv: 2 drones x 9895 rows -> 9895 kept
  /home/georg/Desktop/flying_robot_course/experiments/logs/c1_2026-09-28_merged/A4_2026-09-28_17-27-11/A4_2026-09-28_17-27-11_merged_usd.csv: 2 drones x 9893 rows -> 9893 kept
  /home/georg/Desktop/flying_robot_course/experiments/logs/c1_2026-09-23_merged/A7_2026-09-23_19-11-19/A7_2026-09-23_19-11-19_merged_usd.csv: 2 drones x 6418 rows -> 6418 kept
  /home/georg/Desktop/flying_robot_course/experiments/logs/c1_2026-09-23_merged/A7_2026-09-23_19-12-38/A7_2026-09-23_19-12-38_merged_usd.csv: 2 drones x 6398 rows -> 6398 kept
  /home/georg/Desktop/flying_robot_course/experiments/logs/c1_2026-09-23_merged/A7_2026-09-23_19-13-55/A7_2026-09-23_19-13-55_merged_usd.csv: 2 drones x 6398 rows -> 6398 kept
  /home/georg/Desktop/flying_robot_course/experiments/logs/c1_2026-10-01_merged/A5_2026-10-01_17-18-28/A5_2026-10-01_17-18-28_merged_usd.csv: 2 drones x 9295 rows -> 9295 kept
  /home/georg/Desktop/flying_robot_course/experiments/logs/c1_2026-10-01_merged/A5_2026-10-01_17-20-06/A5_2026-10-01_17-20-06_merged_usd.csv: 2 drones x 9293 rows -> 9293 kept
  /home/georg/Desktop/flying_robot_course/experiments/logs/c1_2026-10-01_merged/A5_2026-10-01_17-44-57/A5_2026-10-01_17-44-57_merged_usd.csv: 2 drones x 9294 rows -> 9294 kept
  /home/georg/Desktop/flying_robot_course/experiments/logs/c1_2026-10-01_merged/A6_2026-10-01_17-33-00/A6_2026-10-01_17-33-00_merged_usd.csv: 2 drones x 11406 rows -> 11406 kept
  dropped_zero_a_res: 247125 (row-ticks summed over all ego drones; partner may read 0 a_res)
  no_neighbour_influence: 129544
normalisation (rel)    mu=[ 0.0087 -0.0078  0.4728 -0.0206 -0.0168 -0.0438] sigma=[0.0661 0.0513 0.2322 0.4602 0.3739 0.151 ]
normalisation (ground) mu=[-0.769  -0.0111 -0.0085 -0.0214] sigma=[0.2767 0.3666 0.2832 0.1071]
train 197597 / val 49528 (contiguous blocks, not shuffled samples)
  epoch    0  train 0.36402  val RMSE 0.3934 m/s^2  *
  epoch   20  train 0.07898  val RMSE 0.2754 m/s^2
  epoch   39  train 0.07458  val RMSE 0.2721 m/s^2
best val RMSE 0.2654 m/s^2  (12.2s)
baseline (predict zero) 1.2282 m/s^2  ->  78.4% reduction
fold check: max |trained - exported| = 6.82e-07 m/s^2
wrote /home/georg/Desktop/flying_robot_course/experiments/analysis/out/c2_e2e_2026-10-01/loo_weights/train_without_A2_17-49-37.npz  (19297 weights)
/home/georg/.local/lib/python3.10/site-packages/torch/cuda/__init__.py:716: UserWarning: Can't initialize NVML
  warnings.warn("Can't initialize NVML")
dataset: 247124 samples from 25 file(s)
  /home/georg/Desktop/flying_robot_course/experiments/logs/c1_2026-09-21_merged/A1_2026-09-21_12-51-16/A1_2026-09-21_12-51-16_merged_usd.csv: 2 drones x 7554 rows -> 7554 kept
  /home/georg/Desktop/flying_robot_course/experiments/logs/c1_2026-09-23_merged/A1_2026-09-23_17-17-26/A1_2026-09-23_17-17-26_merged_usd.csv: 2 drones x 7805 rows -> 7805 kept
  /home/georg/Desktop/flying_robot_course/experiments/logs/c1_2026-09-23_merged/A1_2026-09-23_17-18-48/A1_2026-09-23_17-18-48_merged_usd.csv: 2 drones x 8052 rows -> 8052 kept
  /home/georg/Desktop/flying_robot_course/experiments/logs/c1_2026-09-23_merged/A1_2026-09-23_17-36-06/A1_2026-09-23_17-36-06_merged_usd.csv: 2 drones x 8055 rows -> 8055 kept
  /home/georg/Desktop/flying_robot_course/experiments/logs/c1_2026-09-23_merged/A1_2026-09-23_17-37-26/A1_2026-09-23_17-37-26_merged_usd.csv: 2 drones x 7983 rows -> 7983 kept
  /home/georg/Desktop/flying_robot_course/experiments/logs/c1_2026-09-28_merged/A1_2026-09-28_17-47-50/A1_2026-09-28_17-47-50_merged_usd.csv: 2 drones x 7983 rows -> 7983 kept
  /home/georg/Desktop/flying_robot_course/experiments/logs/c1_2026-09-28_merged/A2_2026-09-28_17-49-37/A2_2026-09-28_17-49-37_merged_usd.csv: 2 drones x 7856 rows -> 7856 kept
  /home/georg/Desktop/flying_robot_course/experiments/logs/c1_2026-09-21_merged/A3_2026-09-21_13-00-57/A3_2026-09-21_13-00-57_merged_usd.csv: 2 drones x 17691 rows -> 17691 kept
  /home/georg/Desktop/flying_robot_course/experiments/logs/c1_2026-09-21_merged/A3_2026-09-21_13-02-56/A3_2026-09-21_13-02-56_merged_usd.csv: 2 drones x 17897 rows -> 17897 kept
  /home/georg/Desktop/flying_robot_course/experiments/logs/c1_2026-09-21_merged/A3_2026-09-21_13-04-34/A3_2026-09-21_13-04-34_merged_usd.csv: 2 drones x 10502 rows -> 10502 kept
  /home/georg/Desktop/flying_robot_course/experiments/logs/c1_2026-09-23_merged/A3_2026-09-23_17-45-03/A3_2026-09-23_17-45-03_merged_usd.csv: 2 drones x 10969 rows -> 10969 kept
  /home/georg/Desktop/flying_robot_course/experiments/logs/c1_2026-09-23_merged/A3_2026-09-23_17-46-43/A3_2026-09-23_17-46-43_merged_usd.csv: 2 drones x 10503 rows -> 10503 kept
  /home/georg/Desktop/flying_robot_course/experiments/logs/c1_2026-09-23_merged/A3_2026-09-23_17-54-32/A3_2026-09-23_17-54-32_merged_usd.csv: 2 drones x 13131 rows -> 13131 kept
  /home/georg/Desktop/flying_robot_course/experiments/logs/c1_2026-09-23_merged/A3_2026-09-23_17-57-32/A3_2026-09-23_17-57-32_merged_usd.csv: 2 drones x 13564 rows -> 13564 kept
  /home/georg/Desktop/flying_robot_course/experiments/logs/c1_2026-09-28_merged/A4_2026-09-28_17-20-20/A4_2026-09-28_17-20-20_merged_usd.csv: 2 drones x 9873 rows -> 9873 kept
  /home/georg/Desktop/flying_robot_course/experiments/logs/c1_2026-09-28_merged/A4_2026-09-28_17-23-40/A4_2026-09-28_17-23-40_merged_usd.csv: 2 drones x 9416 rows -> 9416 kept
  /home/georg/Desktop/flying_robot_course/experiments/logs/c1_2026-09-28_merged/A4_2026-09-28_17-25-41/A4_2026-09-28_17-25-41_merged_usd.csv: 2 drones x 9895 rows -> 9895 kept
  /home/georg/Desktop/flying_robot_course/experiments/logs/c1_2026-09-28_merged/A4_2026-09-28_17-27-11/A4_2026-09-28_17-27-11_merged_usd.csv: 2 drones x 9893 rows -> 9893 kept
  /home/georg/Desktop/flying_robot_course/experiments/logs/c1_2026-09-23_merged/A7_2026-09-23_19-11-19/A7_2026-09-23_19-11-19_merged_usd.csv: 2 drones x 6418 rows -> 6418 kept
  /home/georg/Desktop/flying_robot_course/experiments/logs/c1_2026-09-23_merged/A7_2026-09-23_19-12-38/A7_2026-09-23_19-12-38_merged_usd.csv: 2 drones x 6398 rows -> 6398 kept
  /home/georg/Desktop/flying_robot_course/experiments/logs/c1_2026-09-23_merged/A7_2026-09-23_19-13-55/A7_2026-09-23_19-13-55_merged_usd.csv: 2 drones x 6398 rows -> 6398 kept
  /home/georg/Desktop/flying_robot_course/experiments/logs/c1_2026-10-01_merged/A5_2026-10-01_17-18-28/A5_2026-10-01_17-18-28_merged_usd.csv: 2 drones x 9295 rows -> 9295 kept
  /home/georg/Desktop/flying_robot_course/experiments/logs/c1_2026-10-01_merged/A5_2026-10-01_17-20-06/A5_2026-10-01_17-20-06_merged_usd.csv: 2 drones x 9293 rows -> 9293 kept
  /home/georg/Desktop/flying_robot_course/experiments/logs/c1_2026-10-01_merged/A5_2026-10-01_17-44-57/A5_2026-10-01_17-44-57_merged_usd.csv: 2 drones x 9294 rows -> 9294 kept
  /home/georg/Desktop/flying_robot_course/experiments/logs/c1_2026-10-01_merged/A6_2026-10-01_17-33-00/A6_2026-10-01_17-33-00_merged_usd.csv: 2 drones x 11406 rows -> 11406 kept
  dropped_zero_a_res: 247124 (row-ticks summed over all ego drones; partner may read 0 a_res)
  no_neighbour_influence: 129544
normalisation (rel)    mu=[ 0.0087 -0.0076  0.473  -0.021  -0.0171 -0.0435] sigma=[0.066  0.0518 0.2321 0.4589 0.3776 0.1521]
normalisation (ground) mu=[-0.769  -0.0113 -0.0085 -0.0213] sigma=[0.2767 0.3657 0.2854 0.1078]
train 197593 / val 49531 (contiguous blocks, not shuffled samples)
  epoch    0  train 0.36379  val RMSE 0.3960 m/s^2  *
  epoch   20  train 0.07990  val RMSE 0.2622 m/s^2
  epoch   39  train 0.07538  val RMSE 0.2613 m/s^2
best val RMSE 0.2603 m/s^2  (12.5s)
baseline (predict zero) 1.2285 m/s^2  ->  78.8% reduction
fold check: max |trained - exported| = 9.34e-07 m/s^2
wrote /home/georg/Desktop/flying_robot_course/experiments/analysis/out/c2_e2e_2026-10-01/loo_weights/train_without_A2_17-52-55.npz  (19297 weights)
/home/georg/.local/lib/python3.10/site-packages/torch/cuda/__init__.py:716: UserWarning: Can't initialize NVML
  warnings.warn("Can't initialize NVML")
dataset: 237290 samples from 25 file(s)
  /home/georg/Desktop/flying_robot_course/experiments/logs/c1_2026-09-21_merged/A1_2026-09-21_12-51-16/A1_2026-09-21_12-51-16_merged_usd.csv: 2 drones x 7554 rows -> 7554 kept
  /home/georg/Desktop/flying_robot_course/experiments/logs/c1_2026-09-23_merged/A1_2026-09-23_17-17-26/A1_2026-09-23_17-17-26_merged_usd.csv: 2 drones x 7805 rows -> 7805 kept
  /home/georg/Desktop/flying_robot_course/experiments/logs/c1_2026-09-23_merged/A1_2026-09-23_17-18-48/A1_2026-09-23_17-18-48_merged_usd.csv: 2 drones x 8052 rows -> 8052 kept
  /home/georg/Desktop/flying_robot_course/experiments/logs/c1_2026-09-23_merged/A1_2026-09-23_17-36-06/A1_2026-09-23_17-36-06_merged_usd.csv: 2 drones x 8055 rows -> 8055 kept
  /home/georg/Desktop/flying_robot_course/experiments/logs/c1_2026-09-23_merged/A1_2026-09-23_17-37-26/A1_2026-09-23_17-37-26_merged_usd.csv: 2 drones x 7983 rows -> 7983 kept
  /home/georg/Desktop/flying_robot_course/experiments/logs/c1_2026-09-28_merged/A1_2026-09-28_17-47-50/A1_2026-09-28_17-47-50_merged_usd.csv: 2 drones x 7983 rows -> 7983 kept
  /home/georg/Desktop/flying_robot_course/experiments/logs/c1_2026-09-28_merged/A2_2026-09-28_17-49-37/A2_2026-09-28_17-49-37_merged_usd.csv: 2 drones x 7856 rows -> 7856 kept
  /home/georg/Desktop/flying_robot_course/experiments/logs/c1_2026-09-28_merged/A2_2026-09-28_17-52-55/A2_2026-09-28_17-52-55_merged_usd.csv: 2 drones x 7857 rows -> 7857 kept
  /home/georg/Desktop/flying_robot_course/experiments/logs/c1_2026-09-21_merged/A3_2026-09-21_13-02-56/A3_2026-09-21_13-02-56_merged_usd.csv: 2 drones x 17897 rows -> 17897 kept
  /home/georg/Desktop/flying_robot_course/experiments/logs/c1_2026-09-21_merged/A3_2026-09-21_13-04-34/A3_2026-09-21_13-04-34_merged_usd.csv: 2 drones x 10502 rows -> 10502 kept
  /home/georg/Desktop/flying_robot_course/experiments/logs/c1_2026-09-23_merged/A3_2026-09-23_17-45-03/A3_2026-09-23_17-45-03_merged_usd.csv: 2 drones x 10969 rows -> 10969 kept
  /home/georg/Desktop/flying_robot_course/experiments/logs/c1_2026-09-23_merged/A3_2026-09-23_17-46-43/A3_2026-09-23_17-46-43_merged_usd.csv: 2 drones x 10503 rows -> 10503 kept
  /home/georg/Desktop/flying_robot_course/experiments/logs/c1_2026-09-23_merged/A3_2026-09-23_17-54-32/A3_2026-09-23_17-54-32_merged_usd.csv: 2 drones x 13131 rows -> 13131 kept
  /home/georg/Desktop/flying_robot_course/experiments/logs/c1_2026-09-23_merged/A3_2026-09-23_17-57-32/A3_2026-09-23_17-57-32_merged_usd.csv: 2 drones x 13564 rows -> 13564 kept
  /home/georg/Desktop/flying_robot_course/experiments/logs/c1_2026-09-28_merged/A4_2026-09-28_17-20-20/A4_2026-09-28_17-20-20_merged_usd.csv: 2 drones x 9873 rows -> 9873 kept
  /home/georg/Desktop/flying_robot_course/experiments/logs/c1_2026-09-28_merged/A4_2026-09-28_17-23-40/A4_2026-09-28_17-23-40_merged_usd.csv: 2 drones x 9416 rows -> 9416 kept
  /home/georg/Desktop/flying_robot_course/experiments/logs/c1_2026-09-28_merged/A4_2026-09-28_17-25-41/A4_2026-09-28_17-25-41_merged_usd.csv: 2 drones x 9895 rows -> 9895 kept
  /home/georg/Desktop/flying_robot_course/experiments/logs/c1_2026-09-28_merged/A4_2026-09-28_17-27-11/A4_2026-09-28_17-27-11_merged_usd.csv: 2 drones x 9893 rows -> 9893 kept
  /home/georg/Desktop/flying_robot_course/experiments/logs/c1_2026-09-23_merged/A7_2026-09-23_19-11-19/A7_2026-09-23_19-11-19_merged_usd.csv: 2 drones x 6418 rows -> 6418 kept
  /home/georg/Desktop/flying_robot_course/experiments/logs/c1_2026-09-23_merged/A7_2026-09-23_19-12-38/A7_2026-09-23_19-12-38_merged_usd.csv: 2 drones x 6398 rows -> 6398 kept
  /home/georg/Desktop/flying_robot_course/experiments/logs/c1_2026-09-23_merged/A7_2026-09-23_19-13-55/A7_2026-09-23_19-13-55_merged_usd.csv: 2 drones x 6398 rows -> 6398 kept
  /home/georg/Desktop/flying_robot_course/experiments/logs/c1_2026-10-01_merged/A5_2026-10-01_17-18-28/A5_2026-10-01_17-18-28_merged_usd.csv: 2 drones x 9295 rows -> 9295 kept
  /home/georg/Desktop/flying_robot_course/experiments/logs/c1_2026-10-01_merged/A5_2026-10-01_17-20-06/A5_2026-10-01_17-20-06_merged_usd.csv: 2 drones x 9293 rows -> 9293 kept
  /home/georg/Desktop/flying_robot_course/experiments/logs/c1_2026-10-01_merged/A5_2026-10-01_17-44-57/A5_2026-10-01_17-44-57_merged_usd.csv: 2 drones x 9294 rows -> 9294 kept
  /home/georg/Desktop/flying_robot_course/experiments/logs/c1_2026-10-01_merged/A6_2026-10-01_17-33-00/A6_2026-10-01_17-33-00_merged_usd.csv: 2 drones x 11406 rows -> 11406 kept
  dropped_zero_a_res: 237290 (row-ticks summed over all ego drones; partner may read 0 a_res)
  no_neighbour_influence: 114585
normalisation (rel)    mu=[ 0.009  -0.0071  0.4727 -0.0209 -0.0162 -0.0472] sigma=[0.0639 0.0515 0.2251 0.4605 0.3781 0.1479]
normalisation (ground) mu=[-0.7387 -0.0109 -0.01   -0.0236] sigma=[0.2898 0.3814 0.3008 0.1084]
train 189732 / val 47558 (contiguous blocks, not shuffled samples)
  epoch    0  train 0.39864  val RMSE 0.4084 m/s^2  *
  epoch   20  train 0.09113  val RMSE 0.2930 m/s^2
  epoch   39  train 0.08602  val RMSE 0.2906 m/s^2
best val RMSE 0.2891 m/s^2  (11.6s)
baseline (predict zero) 1.3005 m/s^2  ->  77.8% reduction
fold check: max |trained - exported| = 9.18e-07 m/s^2
wrote /home/georg/Desktop/flying_robot_course/experiments/analysis/out/c2_e2e_2026-10-01/loo_weights/train_without_A3_13-00-57.npz  (19297 weights)
/home/georg/.local/lib/python3.10/site-packages/torch/cuda/__init__.py:716: UserWarning: Can't initialize NVML
  warnings.warn("Can't initialize NVML")
dataset: 237084 samples from 25 file(s)
  /home/georg/Desktop/flying_robot_course/experiments/logs/c1_2026-09-21_merged/A1_2026-09-21_12-51-16/A1_2026-09-21_12-51-16_merged_usd.csv: 2 drones x 7554 rows -> 7554 kept
  /home/georg/Desktop/flying_robot_course/experiments/logs/c1_2026-09-23_merged/A1_2026-09-23_17-17-26/A1_2026-09-23_17-17-26_merged_usd.csv: 2 drones x 7805 rows -> 7805 kept
  /home/georg/Desktop/flying_robot_course/experiments/logs/c1_2026-09-23_merged/A1_2026-09-23_17-18-48/A1_2026-09-23_17-18-48_merged_usd.csv: 2 drones x 8052 rows -> 8052 kept
  /home/georg/Desktop/flying_robot_course/experiments/logs/c1_2026-09-23_merged/A1_2026-09-23_17-36-06/A1_2026-09-23_17-36-06_merged_usd.csv: 2 drones x 8055 rows -> 8055 kept
  /home/georg/Desktop/flying_robot_course/experiments/logs/c1_2026-09-23_merged/A1_2026-09-23_17-37-26/A1_2026-09-23_17-37-26_merged_usd.csv: 2 drones x 7983 rows -> 7983 kept
  /home/georg/Desktop/flying_robot_course/experiments/logs/c1_2026-09-28_merged/A1_2026-09-28_17-47-50/A1_2026-09-28_17-47-50_merged_usd.csv: 2 drones x 7983 rows -> 7983 kept
  /home/georg/Desktop/flying_robot_course/experiments/logs/c1_2026-09-28_merged/A2_2026-09-28_17-49-37/A2_2026-09-28_17-49-37_merged_usd.csv: 2 drones x 7856 rows -> 7856 kept
  /home/georg/Desktop/flying_robot_course/experiments/logs/c1_2026-09-28_merged/A2_2026-09-28_17-52-55/A2_2026-09-28_17-52-55_merged_usd.csv: 2 drones x 7857 rows -> 7857 kept
  /home/georg/Desktop/flying_robot_course/experiments/logs/c1_2026-09-21_merged/A3_2026-09-21_13-00-57/A3_2026-09-21_13-00-57_merged_usd.csv: 2 drones x 17691 rows -> 17691 kept
  /home/georg/Desktop/flying_robot_course/experiments/logs/c1_2026-09-21_merged/A3_2026-09-21_13-04-34/A3_2026-09-21_13-04-34_merged_usd.csv: 2 drones x 10502 rows -> 10502 kept
  /home/georg/Desktop/flying_robot_course/experiments/logs/c1_2026-09-23_merged/A3_2026-09-23_17-45-03/A3_2026-09-23_17-45-03_merged_usd.csv: 2 drones x 10969 rows -> 10969 kept
  /home/georg/Desktop/flying_robot_course/experiments/logs/c1_2026-09-23_merged/A3_2026-09-23_17-46-43/A3_2026-09-23_17-46-43_merged_usd.csv: 2 drones x 10503 rows -> 10503 kept
  /home/georg/Desktop/flying_robot_course/experiments/logs/c1_2026-09-23_merged/A3_2026-09-23_17-54-32/A3_2026-09-23_17-54-32_merged_usd.csv: 2 drones x 13131 rows -> 13131 kept
  /home/georg/Desktop/flying_robot_course/experiments/logs/c1_2026-09-23_merged/A3_2026-09-23_17-57-32/A3_2026-09-23_17-57-32_merged_usd.csv: 2 drones x 13564 rows -> 13564 kept
  /home/georg/Desktop/flying_robot_course/experiments/logs/c1_2026-09-28_merged/A4_2026-09-28_17-20-20/A4_2026-09-28_17-20-20_merged_usd.csv: 2 drones x 9873 rows -> 9873 kept
  /home/georg/Desktop/flying_robot_course/experiments/logs/c1_2026-09-28_merged/A4_2026-09-28_17-23-40/A4_2026-09-28_17-23-40_merged_usd.csv: 2 drones x 9416 rows -> 9416 kept
  /home/georg/Desktop/flying_robot_course/experiments/logs/c1_2026-09-28_merged/A4_2026-09-28_17-25-41/A4_2026-09-28_17-25-41_merged_usd.csv: 2 drones x 9895 rows -> 9895 kept
  /home/georg/Desktop/flying_robot_course/experiments/logs/c1_2026-09-28_merged/A4_2026-09-28_17-27-11/A4_2026-09-28_17-27-11_merged_usd.csv: 2 drones x 9893 rows -> 9893 kept
  /home/georg/Desktop/flying_robot_course/experiments/logs/c1_2026-09-23_merged/A7_2026-09-23_19-11-19/A7_2026-09-23_19-11-19_merged_usd.csv: 2 drones x 6418 rows -> 6418 kept
  /home/georg/Desktop/flying_robot_course/experiments/logs/c1_2026-09-23_merged/A7_2026-09-23_19-12-38/A7_2026-09-23_19-12-38_merged_usd.csv: 2 drones x 6398 rows -> 6398 kept
  /home/georg/Desktop/flying_robot_course/experiments/logs/c1_2026-09-23_merged/A7_2026-09-23_19-13-55/A7_2026-09-23_19-13-55_merged_usd.csv: 2 drones x 6398 rows -> 6398 kept
  /home/georg/Desktop/flying_robot_course/experiments/logs/c1_2026-10-01_merged/A5_2026-10-01_17-18-28/A5_2026-10-01_17-18-28_merged_usd.csv: 2 drones x 9295 rows -> 9295 kept
  /home/georg/Desktop/flying_robot_course/experiments/logs/c1_2026-10-01_merged/A5_2026-10-01_17-20-06/A5_2026-10-01_17-20-06_merged_usd.csv: 2 drones x 9293 rows -> 9293 kept
  /home/georg/Desktop/flying_robot_course/experiments/logs/c1_2026-10-01_merged/A5_2026-10-01_17-44-57/A5_2026-10-01_17-44-57_merged_usd.csv: 2 drones x 9294 rows -> 9294 kept
  /home/georg/Desktop/flying_robot_course/experiments/logs/c1_2026-10-01_merged/A6_2026-10-01_17-33-00/A6_2026-10-01_17-33-00_merged_usd.csv: 2 drones x 11406 rows -> 11406 kept
  dropped_zero_a_res: 237084 (row-ticks summed over all ego drones; partner may read 0 a_res)
  no_neighbour_influence: 114339
normalisation (rel)    mu=[ 0.009  -0.0071  0.4725 -0.0211 -0.0161 -0.0471] sigma=[0.0639 0.0514 0.2252 0.4601 0.3779 0.1481]
normalisation (ground) mu=[-0.7387 -0.0113 -0.0098 -0.0236] sigma=[0.29   0.3815 0.3008 0.1083]
train 189564 / val 47520 (contiguous blocks, not shuffled samples)
  epoch    0  train 0.39821  val RMSE 0.4179 m/s^2  *
  epoch   20  train 0.09183  val RMSE 0.2893 m/s^2
  epoch   39  train 0.08699  val RMSE 0.2865 m/s^2
best val RMSE 0.2855 m/s^2  (12.5s)
baseline (predict zero) 1.3060 m/s^2  ->  78.1% reduction
fold check: max |trained - exported| = 7.05e-07 m/s^2
wrote /home/georg/Desktop/flying_robot_course/experiments/analysis/out/c2_e2e_2026-10-01/loo_weights/train_without_A3_13-02-56.npz  (19297 weights)
/home/georg/.local/lib/python3.10/site-packages/torch/cuda/__init__.py:716: UserWarning: Can't initialize NVML
  warnings.warn("Can't initialize NVML")
dataset: 244479 samples from 25 file(s)
  /home/georg/Desktop/flying_robot_course/experiments/logs/c1_2026-09-21_merged/A1_2026-09-21_12-51-16/A1_2026-09-21_12-51-16_merged_usd.csv: 2 drones x 7554 rows -> 7554 kept
  /home/georg/Desktop/flying_robot_course/experiments/logs/c1_2026-09-23_merged/A1_2026-09-23_17-17-26/A1_2026-09-23_17-17-26_merged_usd.csv: 2 drones x 7805 rows -> 7805 kept
  /home/georg/Desktop/flying_robot_course/experiments/logs/c1_2026-09-23_merged/A1_2026-09-23_17-18-48/A1_2026-09-23_17-18-48_merged_usd.csv: 2 drones x 8052 rows -> 8052 kept
  /home/georg/Desktop/flying_robot_course/experiments/logs/c1_2026-09-23_merged/A1_2026-09-23_17-36-06/A1_2026-09-23_17-36-06_merged_usd.csv: 2 drones x 8055 rows -> 8055 kept
  /home/georg/Desktop/flying_robot_course/experiments/logs/c1_2026-09-23_merged/A1_2026-09-23_17-37-26/A1_2026-09-23_17-37-26_merged_usd.csv: 2 drones x 7983 rows -> 7983 kept
  /home/georg/Desktop/flying_robot_course/experiments/logs/c1_2026-09-28_merged/A1_2026-09-28_17-47-50/A1_2026-09-28_17-47-50_merged_usd.csv: 2 drones x 7983 rows -> 7983 kept
  /home/georg/Desktop/flying_robot_course/experiments/logs/c1_2026-09-28_merged/A2_2026-09-28_17-49-37/A2_2026-09-28_17-49-37_merged_usd.csv: 2 drones x 7856 rows -> 7856 kept
  /home/georg/Desktop/flying_robot_course/experiments/logs/c1_2026-09-28_merged/A2_2026-09-28_17-52-55/A2_2026-09-28_17-52-55_merged_usd.csv: 2 drones x 7857 rows -> 7857 kept
  /home/georg/Desktop/flying_robot_course/experiments/logs/c1_2026-09-21_merged/A3_2026-09-21_13-00-57/A3_2026-09-21_13-00-57_merged_usd.csv: 2 drones x 17691 rows -> 17691 kept
  /home/georg/Desktop/flying_robot_course/experiments/logs/c1_2026-09-21_merged/A3_2026-09-21_13-02-56/A3_2026-09-21_13-02-56_merged_usd.csv: 2 drones x 17897 rows -> 17897 kept
  /home/georg/Desktop/flying_robot_course/experiments/logs/c1_2026-09-23_merged/A3_2026-09-23_17-45-03/A3_2026-09-23_17-45-03_merged_usd.csv: 2 drones x 10969 rows -> 10969 kept
  /home/georg/Desktop/flying_robot_course/experiments/logs/c1_2026-09-23_merged/A3_2026-09-23_17-46-43/A3_2026-09-23_17-46-43_merged_usd.csv: 2 drones x 10503 rows -> 10503 kept
  /home/georg/Desktop/flying_robot_course/experiments/logs/c1_2026-09-23_merged/A3_2026-09-23_17-54-32/A3_2026-09-23_17-54-32_merged_usd.csv: 2 drones x 13131 rows -> 13131 kept
  /home/georg/Desktop/flying_robot_course/experiments/logs/c1_2026-09-23_merged/A3_2026-09-23_17-57-32/A3_2026-09-23_17-57-32_merged_usd.csv: 2 drones x 13564 rows -> 13564 kept
  /home/georg/Desktop/flying_robot_course/experiments/logs/c1_2026-09-28_merged/A4_2026-09-28_17-20-20/A4_2026-09-28_17-20-20_merged_usd.csv: 2 drones x 9873 rows -> 9873 kept
  /home/georg/Desktop/flying_robot_course/experiments/logs/c1_2026-09-28_merged/A4_2026-09-28_17-23-40/A4_2026-09-28_17-23-40_merged_usd.csv: 2 drones x 9416 rows -> 9416 kept
  /home/georg/Desktop/flying_robot_course/experiments/logs/c1_2026-09-28_merged/A4_2026-09-28_17-25-41/A4_2026-09-28_17-25-41_merged_usd.csv: 2 drones x 9895 rows -> 9895 kept
  /home/georg/Desktop/flying_robot_course/experiments/logs/c1_2026-09-28_merged/A4_2026-09-28_17-27-11/A4_2026-09-28_17-27-11_merged_usd.csv: 2 drones x 9893 rows -> 9893 kept
  /home/georg/Desktop/flying_robot_course/experiments/logs/c1_2026-09-23_merged/A7_2026-09-23_19-11-19/A7_2026-09-23_19-11-19_merged_usd.csv: 2 drones x 6418 rows -> 6418 kept
  /home/georg/Desktop/flying_robot_course/experiments/logs/c1_2026-09-23_merged/A7_2026-09-23_19-12-38/A7_2026-09-23_19-12-38_merged_usd.csv: 2 drones x 6398 rows -> 6398 kept
  /home/georg/Desktop/flying_robot_course/experiments/logs/c1_2026-09-23_merged/A7_2026-09-23_19-13-55/A7_2026-09-23_19-13-55_merged_usd.csv: 2 drones x 6398 rows -> 6398 kept
  /home/georg/Desktop/flying_robot_course/experiments/logs/c1_2026-10-01_merged/A5_2026-10-01_17-18-28/A5_2026-10-01_17-18-28_merged_usd.csv: 2 drones x 9295 rows -> 9295 kept
  /home/georg/Desktop/flying_robot_course/experiments/logs/c1_2026-10-01_merged/A5_2026-10-01_17-20-06/A5_2026-10-01_17-20-06_merged_usd.csv: 2 drones x 9293 rows -> 9293 kept
  /home/georg/Desktop/flying_robot_course/experiments/logs/c1_2026-10-01_merged/A5_2026-10-01_17-44-57/A5_2026-10-01_17-44-57_merged_usd.csv: 2 drones x 9294 rows -> 9294 kept
  /home/georg/Desktop/flying_robot_course/experiments/logs/c1_2026-10-01_merged/A6_2026-10-01_17-33-00/A6_2026-10-01_17-33-00_merged_usd.csv: 2 drones x 11406 rows -> 11406 kept
  dropped_zero_a_res: 244479 (row-ticks summed over all ego drones; partner may read 0 a_res)
  no_neighbour_influence: 121113
normalisation (rel)    mu=[ 0.0086 -0.0072  0.4718 -0.0214 -0.016  -0.0459] sigma=[0.0644 0.0513 0.2249 0.4602 0.3775 0.1491]
normalisation (ground) mu=[-0.7452 -0.0114 -0.0092 -0.0231] sigma=[0.2881 0.3736 0.2968 0.1088]
train 195383 / val 49096 (contiguous blocks, not shuffled samples)
  epoch    0  train 0.39342  val RMSE 0.4025 m/s^2  *
  epoch   20  train 0.08971  val RMSE 0.2836 m/s^2
  epoch   39  train 0.08493  val RMSE 0.2798 m/s^2
best val RMSE 0.2793 m/s^2  (12.2s)
baseline (predict zero) 1.2224 m/s^2  ->  77.1% reduction
fold check: max |trained - exported| = 1.10e-06 m/s^2
wrote /home/georg/Desktop/flying_robot_course/experiments/analysis/out/c2_e2e_2026-10-01/loo_weights/train_without_A3_13-04-34.npz  (19297 weights)
/home/georg/.local/lib/python3.10/site-packages/torch/cuda/__init__.py:716: UserWarning: Can't initialize NVML
  warnings.warn("Can't initialize NVML")
dataset: 244012 samples from 25 file(s)
  /home/georg/Desktop/flying_robot_course/experiments/logs/c1_2026-09-21_merged/A1_2026-09-21_12-51-16/A1_2026-09-21_12-51-16_merged_usd.csv: 2 drones x 7554 rows -> 7554 kept
  /home/georg/Desktop/flying_robot_course/experiments/logs/c1_2026-09-23_merged/A1_2026-09-23_17-17-26/A1_2026-09-23_17-17-26_merged_usd.csv: 2 drones x 7805 rows -> 7805 kept
  /home/georg/Desktop/flying_robot_course/experiments/logs/c1_2026-09-23_merged/A1_2026-09-23_17-18-48/A1_2026-09-23_17-18-48_merged_usd.csv: 2 drones x 8052 rows -> 8052 kept
  /home/georg/Desktop/flying_robot_course/experiments/logs/c1_2026-09-23_merged/A1_2026-09-23_17-36-06/A1_2026-09-23_17-36-06_merged_usd.csv: 2 drones x 8055 rows -> 8055 kept
  /home/georg/Desktop/flying_robot_course/experiments/logs/c1_2026-09-23_merged/A1_2026-09-23_17-37-26/A1_2026-09-23_17-37-26_merged_usd.csv: 2 drones x 7983 rows -> 7983 kept
  /home/georg/Desktop/flying_robot_course/experiments/logs/c1_2026-09-28_merged/A1_2026-09-28_17-47-50/A1_2026-09-28_17-47-50_merged_usd.csv: 2 drones x 7983 rows -> 7983 kept
  /home/georg/Desktop/flying_robot_course/experiments/logs/c1_2026-09-28_merged/A2_2026-09-28_17-49-37/A2_2026-09-28_17-49-37_merged_usd.csv: 2 drones x 7856 rows -> 7856 kept
  /home/georg/Desktop/flying_robot_course/experiments/logs/c1_2026-09-28_merged/A2_2026-09-28_17-52-55/A2_2026-09-28_17-52-55_merged_usd.csv: 2 drones x 7857 rows -> 7857 kept
  /home/georg/Desktop/flying_robot_course/experiments/logs/c1_2026-09-21_merged/A3_2026-09-21_13-00-57/A3_2026-09-21_13-00-57_merged_usd.csv: 2 drones x 17691 rows -> 17691 kept
  /home/georg/Desktop/flying_robot_course/experiments/logs/c1_2026-09-21_merged/A3_2026-09-21_13-02-56/A3_2026-09-21_13-02-56_merged_usd.csv: 2 drones x 17897 rows -> 17897 kept
  /home/georg/Desktop/flying_robot_course/experiments/logs/c1_2026-09-21_merged/A3_2026-09-21_13-04-34/A3_2026-09-21_13-04-34_merged_usd.csv: 2 drones x 10502 rows -> 10502 kept
  /home/georg/Desktop/flying_robot_course/experiments/logs/c1_2026-09-23_merged/A3_2026-09-23_17-46-43/A3_2026-09-23_17-46-43_merged_usd.csv: 2 drones x 10503 rows -> 10503 kept
  /home/georg/Desktop/flying_robot_course/experiments/logs/c1_2026-09-23_merged/A3_2026-09-23_17-54-32/A3_2026-09-23_17-54-32_merged_usd.csv: 2 drones x 13131 rows -> 13131 kept
  /home/georg/Desktop/flying_robot_course/experiments/logs/c1_2026-09-23_merged/A3_2026-09-23_17-57-32/A3_2026-09-23_17-57-32_merged_usd.csv: 2 drones x 13564 rows -> 13564 kept
  /home/georg/Desktop/flying_robot_course/experiments/logs/c1_2026-09-28_merged/A4_2026-09-28_17-20-20/A4_2026-09-28_17-20-20_merged_usd.csv: 2 drones x 9873 rows -> 9873 kept
  /home/georg/Desktop/flying_robot_course/experiments/logs/c1_2026-09-28_merged/A4_2026-09-28_17-23-40/A4_2026-09-28_17-23-40_merged_usd.csv: 2 drones x 9416 rows -> 9416 kept
  /home/georg/Desktop/flying_robot_course/experiments/logs/c1_2026-09-28_merged/A4_2026-09-28_17-25-41/A4_2026-09-28_17-25-41_merged_usd.csv: 2 drones x 9895 rows -> 9895 kept
  /home/georg/Desktop/flying_robot_course/experiments/logs/c1_2026-09-28_merged/A4_2026-09-28_17-27-11/A4_2026-09-28_17-27-11_merged_usd.csv: 2 drones x 9893 rows -> 9893 kept
  /home/georg/Desktop/flying_robot_course/experiments/logs/c1_2026-09-23_merged/A7_2026-09-23_19-11-19/A7_2026-09-23_19-11-19_merged_usd.csv: 2 drones x 6418 rows -> 6418 kept
  /home/georg/Desktop/flying_robot_course/experiments/logs/c1_2026-09-23_merged/A7_2026-09-23_19-12-38/A7_2026-09-23_19-12-38_merged_usd.csv: 2 drones x 6398 rows -> 6398 kept
  /home/georg/Desktop/flying_robot_course/experiments/logs/c1_2026-09-23_merged/A7_2026-09-23_19-13-55/A7_2026-09-23_19-13-55_merged_usd.csv: 2 drones x 6398 rows -> 6398 kept
  /home/georg/Desktop/flying_robot_course/experiments/logs/c1_2026-10-01_merged/A5_2026-10-01_17-18-28/A5_2026-10-01_17-18-28_merged_usd.csv: 2 drones x 9295 rows -> 9295 kept
  /home/georg/Desktop/flying_robot_course/experiments/logs/c1_2026-10-01_merged/A5_2026-10-01_17-20-06/A5_2026-10-01_17-20-06_merged_usd.csv: 2 drones x 9293 rows -> 9293 kept
  /home/georg/Desktop/flying_robot_course/experiments/logs/c1_2026-10-01_merged/A5_2026-10-01_17-44-57/A5_2026-10-01_17-44-57_merged_usd.csv: 2 drones x 9294 rows -> 9294 kept
  /home/georg/Desktop/flying_robot_course/experiments/logs/c1_2026-10-01_merged/A6_2026-10-01_17-33-00/A6_2026-10-01_17-33-00_merged_usd.csv: 2 drones x 11406 rows -> 11406 kept
  dropped_zero_a_res: 244012 (row-ticks summed over all ego drones; partner may read 0 a_res)
  no_neighbour_influence: 120621
normalisation (rel)    mu=[ 0.0087 -0.007   0.4709 -0.0209 -0.0164 -0.0458] sigma=[0.0642 0.0513 0.2259 0.4604 0.3776 0.1497]
normalisation (ground) mu=[-0.7443 -0.0118 -0.0087 -0.0233] sigma=[0.2879 0.3747 0.2973 0.1093]
train 195008 / val 49004 (contiguous blocks, not shuffled samples)
  epoch    0  train 0.39624  val RMSE 0.4073 m/s^2  *
  epoch   20  train 0.09284  val RMSE 0.2840 m/s^2
  epoch   39  train 0.08805  val RMSE 0.2818 m/s^2
best val RMSE 0.2811 m/s^2  (12.0s)
baseline (predict zero) 1.2498 m/s^2  ->  77.5% reduction
fold check: max |trained - exported| = 1.32e-06 m/s^2
wrote /home/georg/Desktop/flying_robot_course/experiments/analysis/out/c2_e2e_2026-10-01/loo_weights/train_without_A3_17-45-03.npz  (19297 weights)
/home/georg/.local/lib/python3.10/site-packages/torch/cuda/__init__.py:716: UserWarning: Can't initialize NVML
  warnings.warn("Can't initialize NVML")
dataset: 244478 samples from 25 file(s)
  /home/georg/Desktop/flying_robot_course/experiments/logs/c1_2026-09-21_merged/A1_2026-09-21_12-51-16/A1_2026-09-21_12-51-16_merged_usd.csv: 2 drones x 7554 rows -> 7554 kept
  /home/georg/Desktop/flying_robot_course/experiments/logs/c1_2026-09-23_merged/A1_2026-09-23_17-17-26/A1_2026-09-23_17-17-26_merged_usd.csv: 2 drones x 7805 rows -> 7805 kept
  /home/georg/Desktop/flying_robot_course/experiments/logs/c1_2026-09-23_merged/A1_2026-09-23_17-18-48/A1_2026-09-23_17-18-48_merged_usd.csv: 2 drones x 8052 rows -> 8052 kept
  /home/georg/Desktop/flying_robot_course/experiments/logs/c1_2026-09-23_merged/A1_2026-09-23_17-36-06/A1_2026-09-23_17-36-06_merged_usd.csv: 2 drones x 8055 rows -> 8055 kept
  /home/georg/Desktop/flying_robot_course/experiments/logs/c1_2026-09-23_merged/A1_2026-09-23_17-37-26/A1_2026-09-23_17-37-26_merged_usd.csv: 2 drones x 7983 rows -> 7983 kept
  /home/georg/Desktop/flying_robot_course/experiments/logs/c1_2026-09-28_merged/A1_2026-09-28_17-47-50/A1_2026-09-28_17-47-50_merged_usd.csv: 2 drones x 7983 rows -> 7983 kept
  /home/georg/Desktop/flying_robot_course/experiments/logs/c1_2026-09-28_merged/A2_2026-09-28_17-49-37/A2_2026-09-28_17-49-37_merged_usd.csv: 2 drones x 7856 rows -> 7856 kept
  /home/georg/Desktop/flying_robot_course/experiments/logs/c1_2026-09-28_merged/A2_2026-09-28_17-52-55/A2_2026-09-28_17-52-55_merged_usd.csv: 2 drones x 7857 rows -> 7857 kept
  /home/georg/Desktop/flying_robot_course/experiments/logs/c1_2026-09-21_merged/A3_2026-09-21_13-00-57/A3_2026-09-21_13-00-57_merged_usd.csv: 2 drones x 17691 rows -> 17691 kept
  /home/georg/Desktop/flying_robot_course/experiments/logs/c1_2026-09-21_merged/A3_2026-09-21_13-02-56/A3_2026-09-21_13-02-56_merged_usd.csv: 2 drones x 17897 rows -> 17897 kept
  /home/georg/Desktop/flying_robot_course/experiments/logs/c1_2026-09-21_merged/A3_2026-09-21_13-04-34/A3_2026-09-21_13-04-34_merged_usd.csv: 2 drones x 10502 rows -> 10502 kept
  /home/georg/Desktop/flying_robot_course/experiments/logs/c1_2026-09-23_merged/A3_2026-09-23_17-45-03/A3_2026-09-23_17-45-03_merged_usd.csv: 2 drones x 10969 rows -> 10969 kept
  /home/georg/Desktop/flying_robot_course/experiments/logs/c1_2026-09-23_merged/A3_2026-09-23_17-54-32/A3_2026-09-23_17-54-32_merged_usd.csv: 2 drones x 13131 rows -> 13131 kept
  /home/georg/Desktop/flying_robot_course/experiments/logs/c1_2026-09-23_merged/A3_2026-09-23_17-57-32/A3_2026-09-23_17-57-32_merged_usd.csv: 2 drones x 13564 rows -> 13564 kept
  /home/georg/Desktop/flying_robot_course/experiments/logs/c1_2026-09-28_merged/A4_2026-09-28_17-20-20/A4_2026-09-28_17-20-20_merged_usd.csv: 2 drones x 9873 rows -> 9873 kept
  /home/georg/Desktop/flying_robot_course/experiments/logs/c1_2026-09-28_merged/A4_2026-09-28_17-23-40/A4_2026-09-28_17-23-40_merged_usd.csv: 2 drones x 9416 rows -> 9416 kept
  /home/georg/Desktop/flying_robot_course/experiments/logs/c1_2026-09-28_merged/A4_2026-09-28_17-25-41/A4_2026-09-28_17-25-41_merged_usd.csv: 2 drones x 9895 rows -> 9895 kept
  /home/georg/Desktop/flying_robot_course/experiments/logs/c1_2026-09-28_merged/A4_2026-09-28_17-27-11/A4_2026-09-28_17-27-11_merged_usd.csv: 2 drones x 9893 rows -> 9893 kept
  /home/georg/Desktop/flying_robot_course/experiments/logs/c1_2026-09-23_merged/A7_2026-09-23_19-11-19/A7_2026-09-23_19-11-19_merged_usd.csv: 2 drones x 6418 rows -> 6418 kept
  /home/georg/Desktop/flying_robot_course/experiments/logs/c1_2026-09-23_merged/A7_2026-09-23_19-12-38/A7_2026-09-23_19-12-38_merged_usd.csv: 2 drones x 6398 rows -> 6398 kept
  /home/georg/Desktop/flying_robot_course/experiments/logs/c1_2026-09-23_merged/A7_2026-09-23_19-13-55/A7_2026-09-23_19-13-55_merged_usd.csv: 2 drones x 6398 rows -> 6398 kept
  /home/georg/Desktop/flying_robot_course/experiments/logs/c1_2026-10-01_merged/A5_2026-10-01_17-18-28/A5_2026-10-01_17-18-28_merged_usd.csv: 2 drones x 9295 rows -> 9295 kept
  /home/georg/Desktop/flying_robot_course/experiments/logs/c1_2026-10-01_merged/A5_2026-10-01_17-20-06/A5_2026-10-01_17-20-06_merged_usd.csv: 2 drones x 9293 rows -> 9293 kept
  /home/georg/Desktop/flying_robot_course/experiments/logs/c1_2026-10-01_merged/A5_2026-10-01_17-44-57/A5_2026-10-01_17-44-57_merged_usd.csv: 2 drones x 9294 rows -> 9294 kept
  /home/georg/Desktop/flying_robot_course/experiments/logs/c1_2026-10-01_merged/A6_2026-10-01_17-33-00/A6_2026-10-01_17-33-00_merged_usd.csv: 2 drones x 11406 rows -> 11406 kept
  dropped_zero_a_res: 244478 (row-ticks summed over all ego drones; partner may read 0 a_res)
  no_neighbour_influence: 121052
normalisation (rel)    mu=[ 0.0087 -0.0069  0.4709 -0.0207 -0.0164 -0.0458] sigma=[0.0642 0.0513 0.2258 0.4604 0.3774 0.1496]
normalisation (ground) mu=[-0.7448 -0.0118 -0.0087 -0.0232] sigma=[0.2878 0.3744 0.2969 0.1092]
train 195381 / val 49097 (contiguous blocks, not shuffled samples)
  epoch    0  train 0.39298  val RMSE 0.3986 m/s^2  *
  epoch   20  train 0.09074  val RMSE 0.2871 m/s^2
  epoch   39  train 0.08619  val RMSE 0.2823 m/s^2
best val RMSE 0.2819 m/s^2  (11.8s)
baseline (predict zero) 1.2324 m/s^2  ->  77.1% reduction
fold check: max |trained - exported| = 8.60e-07 m/s^2
wrote /home/georg/Desktop/flying_robot_course/experiments/analysis/out/c2_e2e_2026-10-01/loo_weights/train_without_A3_17-46-43.npz  (19297 weights)
/home/georg/.local/lib/python3.10/site-packages/torch/cuda/__init__.py:716: UserWarning: Can't initialize NVML
  warnings.warn("Can't initialize NVML")
dataset: 241850 samples from 25 file(s)
  /home/georg/Desktop/flying_robot_course/experiments/logs/c1_2026-09-21_merged/A1_2026-09-21_12-51-16/A1_2026-09-21_12-51-16_merged_usd.csv: 2 drones x 7554 rows -> 7554 kept
  /home/georg/Desktop/flying_robot_course/experiments/logs/c1_2026-09-23_merged/A1_2026-09-23_17-17-26/A1_2026-09-23_17-17-26_merged_usd.csv: 2 drones x 7805 rows -> 7805 kept
  /home/georg/Desktop/flying_robot_course/experiments/logs/c1_2026-09-23_merged/A1_2026-09-23_17-18-48/A1_2026-09-23_17-18-48_merged_usd.csv: 2 drones x 8052 rows -> 8052 kept
  /home/georg/Desktop/flying_robot_course/experiments/logs/c1_2026-09-23_merged/A1_2026-09-23_17-36-06/A1_2026-09-23_17-36-06_merged_usd.csv: 2 drones x 8055 rows -> 8055 kept
  /home/georg/Desktop/flying_robot_course/experiments/logs/c1_2026-09-23_merged/A1_2026-09-23_17-37-26/A1_2026-09-23_17-37-26_merged_usd.csv: 2 drones x 7983 rows -> 7983 kept
  /home/georg/Desktop/flying_robot_course/experiments/logs/c1_2026-09-28_merged/A1_2026-09-28_17-47-50/A1_2026-09-28_17-47-50_merged_usd.csv: 2 drones x 7983 rows -> 7983 kept
  /home/georg/Desktop/flying_robot_course/experiments/logs/c1_2026-09-28_merged/A2_2026-09-28_17-49-37/A2_2026-09-28_17-49-37_merged_usd.csv: 2 drones x 7856 rows -> 7856 kept
  /home/georg/Desktop/flying_robot_course/experiments/logs/c1_2026-09-28_merged/A2_2026-09-28_17-52-55/A2_2026-09-28_17-52-55_merged_usd.csv: 2 drones x 7857 rows -> 7857 kept
  /home/georg/Desktop/flying_robot_course/experiments/logs/c1_2026-09-21_merged/A3_2026-09-21_13-00-57/A3_2026-09-21_13-00-57_merged_usd.csv: 2 drones x 17691 rows -> 17691 kept
  /home/georg/Desktop/flying_robot_course/experiments/logs/c1_2026-09-21_merged/A3_2026-09-21_13-02-56/A3_2026-09-21_13-02-56_merged_usd.csv: 2 drones x 17897 rows -> 17897 kept
  /home/georg/Desktop/flying_robot_course/experiments/logs/c1_2026-09-21_merged/A3_2026-09-21_13-04-34/A3_2026-09-21_13-04-34_merged_usd.csv: 2 drones x 10502 rows -> 10502 kept
  /home/georg/Desktop/flying_robot_course/experiments/logs/c1_2026-09-23_merged/A3_2026-09-23_17-45-03/A3_2026-09-23_17-45-03_merged_usd.csv: 2 drones x 10969 rows -> 10969 kept
  /home/georg/Desktop/flying_robot_course/experiments/logs/c1_2026-09-23_merged/A3_2026-09-23_17-46-43/A3_2026-09-23_17-46-43_merged_usd.csv: 2 drones x 10503 rows -> 10503 kept
  /home/georg/Desktop/flying_robot_course/experiments/logs/c1_2026-09-23_merged/A3_2026-09-23_17-57-32/A3_2026-09-23_17-57-32_merged_usd.csv: 2 drones x 13564 rows -> 13564 kept
  /home/georg/Desktop/flying_robot_course/experiments/logs/c1_2026-09-28_merged/A4_2026-09-28_17-20-20/A4_2026-09-28_17-20-20_merged_usd.csv: 2 drones x 9873 rows -> 9873 kept
  /home/georg/Desktop/flying_robot_course/experiments/logs/c1_2026-09-28_merged/A4_2026-09-28_17-23-40/A4_2026-09-28_17-23-40_merged_usd.csv: 2 drones x 9416 rows -> 9416 kept
  /home/georg/Desktop/flying_robot_course/experiments/logs/c1_2026-09-28_merged/A4_2026-09-28_17-25-41/A4_2026-09-28_17-25-41_merged_usd.csv: 2 drones x 9895 rows -> 9895 kept
  /home/georg/Desktop/flying_robot_course/experiments/logs/c1_2026-09-28_merged/A4_2026-09-28_17-27-11/A4_2026-09-28_17-27-11_merged_usd.csv: 2 drones x 9893 rows -> 9893 kept
  /home/georg/Desktop/flying_robot_course/experiments/logs/c1_2026-09-23_merged/A7_2026-09-23_19-11-19/A7_2026-09-23_19-11-19_merged_usd.csv: 2 drones x 6418 rows -> 6418 kept
  /home/georg/Desktop/flying_robot_course/experiments/logs/c1_2026-09-23_merged/A7_2026-09-23_19-12-38/A7_2026-09-23_19-12-38_merged_usd.csv: 2 drones x 6398 rows -> 6398 kept
  /home/georg/Desktop/flying_robot_course/experiments/logs/c1_2026-09-23_merged/A7_2026-09-23_19-13-55/A7_2026-09-23_19-13-55_merged_usd.csv: 2 drones x 6398 rows -> 6398 kept
  /home/georg/Desktop/flying_robot_course/experiments/logs/c1_2026-10-01_merged/A5_2026-10-01_17-18-28/A5_2026-10-01_17-18-28_merged_usd.csv: 2 drones x 9295 rows -> 9295 kept
  /home/georg/Desktop/flying_robot_course/experiments/logs/c1_2026-10-01_merged/A5_2026-10-01_17-20-06/A5_2026-10-01_17-20-06_merged_usd.csv: 2 drones x 9293 rows -> 9293 kept
  /home/georg/Desktop/flying_robot_course/experiments/logs/c1_2026-10-01_merged/A5_2026-10-01_17-44-57/A5_2026-10-01_17-44-57_merged_usd.csv: 2 drones x 9294 rows -> 9294 kept
  /home/georg/Desktop/flying_robot_course/experiments/logs/c1_2026-10-01_merged/A6_2026-10-01_17-33-00/A6_2026-10-01_17-33-00_merged_usd.csv: 2 drones x 11406 rows -> 11406 kept
  dropped_zero_a_res: 241850 (row-ticks summed over all ego drones; partner may read 0 a_res)
  no_neighbour_influence: 118788
normalisation (rel)    mu=[ 0.0087 -0.0068  0.4682 -0.0207 -0.0167 -0.0461] sigma=[0.0644 0.0514 0.2279 0.4606 0.3779 0.1495]
normalisation (ground) mu=[-0.7425 -0.0122 -0.0084 -0.0233] sigma=[0.2885 0.3773 0.2984 0.1094]
train 193279 / val 48571 (contiguous blocks, not shuffled samples)
  epoch    0  train 0.39200  val RMSE 0.4133 m/s^2  *
  epoch   20  train 0.09160  val RMSE 0.2899 m/s^2
  epoch   39  train 0.08655  val RMSE 0.2881 m/s^2
best val RMSE 0.2859 m/s^2  (11.8s)
baseline (predict zero) 1.2549 m/s^2  ->  77.2% reduction
fold check: max |trained - exported| = 8.48e-07 m/s^2
wrote /home/georg/Desktop/flying_robot_course/experiments/analysis/out/c2_e2e_2026-10-01/loo_weights/train_without_A3_17-54-32.npz  (19297 weights)
/home/georg/.local/lib/python3.10/site-packages/torch/cuda/__init__.py:716: UserWarning: Can't initialize NVML
  warnings.warn("Can't initialize NVML")
dataset: 241417 samples from 25 file(s)
  /home/georg/Desktop/flying_robot_course/experiments/logs/c1_2026-09-21_merged/A1_2026-09-21_12-51-16/A1_2026-09-21_12-51-16_merged_usd.csv: 2 drones x 7554 rows -> 7554 kept
  /home/georg/Desktop/flying_robot_course/experiments/logs/c1_2026-09-23_merged/A1_2026-09-23_17-17-26/A1_2026-09-23_17-17-26_merged_usd.csv: 2 drones x 7805 rows -> 7805 kept
  /home/georg/Desktop/flying_robot_course/experiments/logs/c1_2026-09-23_merged/A1_2026-09-23_17-18-48/A1_2026-09-23_17-18-48_merged_usd.csv: 2 drones x 8052 rows -> 8052 kept
  /home/georg/Desktop/flying_robot_course/experiments/logs/c1_2026-09-23_merged/A1_2026-09-23_17-36-06/A1_2026-09-23_17-36-06_merged_usd.csv: 2 drones x 8055 rows -> 8055 kept
  /home/georg/Desktop/flying_robot_course/experiments/logs/c1_2026-09-23_merged/A1_2026-09-23_17-37-26/A1_2026-09-23_17-37-26_merged_usd.csv: 2 drones x 7983 rows -> 7983 kept
  /home/georg/Desktop/flying_robot_course/experiments/logs/c1_2026-09-28_merged/A1_2026-09-28_17-47-50/A1_2026-09-28_17-47-50_merged_usd.csv: 2 drones x 7983 rows -> 7983 kept
  /home/georg/Desktop/flying_robot_course/experiments/logs/c1_2026-09-28_merged/A2_2026-09-28_17-49-37/A2_2026-09-28_17-49-37_merged_usd.csv: 2 drones x 7856 rows -> 7856 kept
  /home/georg/Desktop/flying_robot_course/experiments/logs/c1_2026-09-28_merged/A2_2026-09-28_17-52-55/A2_2026-09-28_17-52-55_merged_usd.csv: 2 drones x 7857 rows -> 7857 kept
  /home/georg/Desktop/flying_robot_course/experiments/logs/c1_2026-09-21_merged/A3_2026-09-21_13-00-57/A3_2026-09-21_13-00-57_merged_usd.csv: 2 drones x 17691 rows -> 17691 kept
  /home/georg/Desktop/flying_robot_course/experiments/logs/c1_2026-09-21_merged/A3_2026-09-21_13-02-56/A3_2026-09-21_13-02-56_merged_usd.csv: 2 drones x 17897 rows -> 17897 kept
  /home/georg/Desktop/flying_robot_course/experiments/logs/c1_2026-09-21_merged/A3_2026-09-21_13-04-34/A3_2026-09-21_13-04-34_merged_usd.csv: 2 drones x 10502 rows -> 10502 kept
  /home/georg/Desktop/flying_robot_course/experiments/logs/c1_2026-09-23_merged/A3_2026-09-23_17-45-03/A3_2026-09-23_17-45-03_merged_usd.csv: 2 drones x 10969 rows -> 10969 kept
  /home/georg/Desktop/flying_robot_course/experiments/logs/c1_2026-09-23_merged/A3_2026-09-23_17-46-43/A3_2026-09-23_17-46-43_merged_usd.csv: 2 drones x 10503 rows -> 10503 kept
  /home/georg/Desktop/flying_robot_course/experiments/logs/c1_2026-09-23_merged/A3_2026-09-23_17-54-32/A3_2026-09-23_17-54-32_merged_usd.csv: 2 drones x 13131 rows -> 13131 kept
  /home/georg/Desktop/flying_robot_course/experiments/logs/c1_2026-09-28_merged/A4_2026-09-28_17-20-20/A4_2026-09-28_17-20-20_merged_usd.csv: 2 drones x 9873 rows -> 9873 kept
  /home/georg/Desktop/flying_robot_course/experiments/logs/c1_2026-09-28_merged/A4_2026-09-28_17-23-40/A4_2026-09-28_17-23-40_merged_usd.csv: 2 drones x 9416 rows -> 9416 kept
  /home/georg/Desktop/flying_robot_course/experiments/logs/c1_2026-09-28_merged/A4_2026-09-28_17-25-41/A4_2026-09-28_17-25-41_merged_usd.csv: 2 drones x 9895 rows -> 9895 kept
  /home/georg/Desktop/flying_robot_course/experiments/logs/c1_2026-09-28_merged/A4_2026-09-28_17-27-11/A4_2026-09-28_17-27-11_merged_usd.csv: 2 drones x 9893 rows -> 9893 kept
  /home/georg/Desktop/flying_robot_course/experiments/logs/c1_2026-09-23_merged/A7_2026-09-23_19-11-19/A7_2026-09-23_19-11-19_merged_usd.csv: 2 drones x 6418 rows -> 6418 kept
  /home/georg/Desktop/flying_robot_course/experiments/logs/c1_2026-09-23_merged/A7_2026-09-23_19-12-38/A7_2026-09-23_19-12-38_merged_usd.csv: 2 drones x 6398 rows -> 6398 kept
  /home/georg/Desktop/flying_robot_course/experiments/logs/c1_2026-09-23_merged/A7_2026-09-23_19-13-55/A7_2026-09-23_19-13-55_merged_usd.csv: 2 drones x 6398 rows -> 6398 kept
  /home/georg/Desktop/flying_robot_course/experiments/logs/c1_2026-10-01_merged/A5_2026-10-01_17-18-28/A5_2026-10-01_17-18-28_merged_usd.csv: 2 drones x 9295 rows -> 9295 kept
  /home/georg/Desktop/flying_robot_course/experiments/logs/c1_2026-10-01_merged/A5_2026-10-01_17-20-06/A5_2026-10-01_17-20-06_merged_usd.csv: 2 drones x 9293 rows -> 9293 kept
  /home/georg/Desktop/flying_robot_course/experiments/logs/c1_2026-10-01_merged/A5_2026-10-01_17-44-57/A5_2026-10-01_17-44-57_merged_usd.csv: 2 drones x 9294 rows -> 9294 kept
  /home/georg/Desktop/flying_robot_course/experiments/logs/c1_2026-10-01_merged/A6_2026-10-01_17-33-00/A6_2026-10-01_17-33-00_merged_usd.csv: 2 drones x 11406 rows -> 11406 kept
  dropped_zero_a_res: 241417 (row-ticks summed over all ego drones; partner may read 0 a_res)
  no_neighbour_influence: 118349
normalisation (rel)    mu=[ 0.0087 -0.0067  0.4684 -0.0205 -0.017  -0.0462] sigma=[0.0644 0.0513 0.2278 0.4608 0.3776 0.1498]
normalisation (ground) mu=[-0.7421 -0.012  -0.0087 -0.0234] sigma=[0.2886 0.3777 0.2985 0.1097]
train 193334 / val 48083 (contiguous blocks, not shuffled samples)
  epoch    0  train 0.39565  val RMSE 0.4043 m/s^2  *
  epoch   20  train 0.08944  val RMSE 0.2945 m/s^2
  epoch   39  train 0.08339  val RMSE 0.2938 m/s^2
best val RMSE 0.2921 m/s^2  (11.8s)
baseline (predict zero) 1.2518 m/s^2  ->  76.7% reduction
fold check: max |trained - exported| = 9.36e-07 m/s^2
wrote /home/georg/Desktop/flying_robot_course/experiments/analysis/out/c2_e2e_2026-10-01/loo_weights/train_without_A3_17-57-32.npz  (19297 weights)
/home/georg/.local/lib/python3.10/site-packages/torch/cuda/__init__.py:716: UserWarning: Can't initialize NVML
  warnings.warn("Can't initialize NVML")
dataset: 245108 samples from 25 file(s)
  /home/georg/Desktop/flying_robot_course/experiments/logs/c1_2026-09-21_merged/A1_2026-09-21_12-51-16/A1_2026-09-21_12-51-16_merged_usd.csv: 2 drones x 7554 rows -> 7554 kept
  /home/georg/Desktop/flying_robot_course/experiments/logs/c1_2026-09-23_merged/A1_2026-09-23_17-17-26/A1_2026-09-23_17-17-26_merged_usd.csv: 2 drones x 7805 rows -> 7805 kept
  /home/georg/Desktop/flying_robot_course/experiments/logs/c1_2026-09-23_merged/A1_2026-09-23_17-18-48/A1_2026-09-23_17-18-48_merged_usd.csv: 2 drones x 8052 rows -> 8052 kept
  /home/georg/Desktop/flying_robot_course/experiments/logs/c1_2026-09-23_merged/A1_2026-09-23_17-36-06/A1_2026-09-23_17-36-06_merged_usd.csv: 2 drones x 8055 rows -> 8055 kept
  /home/georg/Desktop/flying_robot_course/experiments/logs/c1_2026-09-23_merged/A1_2026-09-23_17-37-26/A1_2026-09-23_17-37-26_merged_usd.csv: 2 drones x 7983 rows -> 7983 kept
  /home/georg/Desktop/flying_robot_course/experiments/logs/c1_2026-09-28_merged/A1_2026-09-28_17-47-50/A1_2026-09-28_17-47-50_merged_usd.csv: 2 drones x 7983 rows -> 7983 kept
  /home/georg/Desktop/flying_robot_course/experiments/logs/c1_2026-09-28_merged/A2_2026-09-28_17-49-37/A2_2026-09-28_17-49-37_merged_usd.csv: 2 drones x 7856 rows -> 7856 kept
  /home/georg/Desktop/flying_robot_course/experiments/logs/c1_2026-09-28_merged/A2_2026-09-28_17-52-55/A2_2026-09-28_17-52-55_merged_usd.csv: 2 drones x 7857 rows -> 7857 kept
  /home/georg/Desktop/flying_robot_course/experiments/logs/c1_2026-09-21_merged/A3_2026-09-21_13-00-57/A3_2026-09-21_13-00-57_merged_usd.csv: 2 drones x 17691 rows -> 17691 kept
  /home/georg/Desktop/flying_robot_course/experiments/logs/c1_2026-09-21_merged/A3_2026-09-21_13-02-56/A3_2026-09-21_13-02-56_merged_usd.csv: 2 drones x 17897 rows -> 17897 kept
  /home/georg/Desktop/flying_robot_course/experiments/logs/c1_2026-09-21_merged/A3_2026-09-21_13-04-34/A3_2026-09-21_13-04-34_merged_usd.csv: 2 drones x 10502 rows -> 10502 kept
  /home/georg/Desktop/flying_robot_course/experiments/logs/c1_2026-09-23_merged/A3_2026-09-23_17-45-03/A3_2026-09-23_17-45-03_merged_usd.csv: 2 drones x 10969 rows -> 10969 kept
  /home/georg/Desktop/flying_robot_course/experiments/logs/c1_2026-09-23_merged/A3_2026-09-23_17-46-43/A3_2026-09-23_17-46-43_merged_usd.csv: 2 drones x 10503 rows -> 10503 kept
  /home/georg/Desktop/flying_robot_course/experiments/logs/c1_2026-09-23_merged/A3_2026-09-23_17-54-32/A3_2026-09-23_17-54-32_merged_usd.csv: 2 drones x 13131 rows -> 13131 kept
  /home/georg/Desktop/flying_robot_course/experiments/logs/c1_2026-09-23_merged/A3_2026-09-23_17-57-32/A3_2026-09-23_17-57-32_merged_usd.csv: 2 drones x 13564 rows -> 13564 kept
  /home/georg/Desktop/flying_robot_course/experiments/logs/c1_2026-09-28_merged/A4_2026-09-28_17-23-40/A4_2026-09-28_17-23-40_merged_usd.csv: 2 drones x 9416 rows -> 9416 kept
  /home/georg/Desktop/flying_robot_course/experiments/logs/c1_2026-09-28_merged/A4_2026-09-28_17-25-41/A4_2026-09-28_17-25-41_merged_usd.csv: 2 drones x 9895 rows -> 9895 kept
  /home/georg/Desktop/flying_robot_course/experiments/logs/c1_2026-09-28_merged/A4_2026-09-28_17-27-11/A4_2026-09-28_17-27-11_merged_usd.csv: 2 drones x 9893 rows -> 9893 kept
  /home/georg/Desktop/flying_robot_course/experiments/logs/c1_2026-09-23_merged/A7_2026-09-23_19-11-19/A7_2026-09-23_19-11-19_merged_usd.csv: 2 drones x 6418 rows -> 6418 kept
  /home/georg/Desktop/flying_robot_course/experiments/logs/c1_2026-09-23_merged/A7_2026-09-23_19-12-38/A7_2026-09-23_19-12-38_merged_usd.csv: 2 drones x 6398 rows -> 6398 kept
  /home/georg/Desktop/flying_robot_course/experiments/logs/c1_2026-09-23_merged/A7_2026-09-23_19-13-55/A7_2026-09-23_19-13-55_merged_usd.csv: 2 drones x 6398 rows -> 6398 kept
  /home/georg/Desktop/flying_robot_course/experiments/logs/c1_2026-10-01_merged/A5_2026-10-01_17-18-28/A5_2026-10-01_17-18-28_merged_usd.csv: 2 drones x 9295 rows -> 9295 kept
  /home/georg/Desktop/flying_robot_course/experiments/logs/c1_2026-10-01_merged/A5_2026-10-01_17-20-06/A5_2026-10-01_17-20-06_merged_usd.csv: 2 drones x 9293 rows -> 9293 kept
  /home/georg/Desktop/flying_robot_course/experiments/logs/c1_2026-10-01_merged/A5_2026-10-01_17-44-57/A5_2026-10-01_17-44-57_merged_usd.csv: 2 drones x 9294 rows -> 9294 kept
  /home/georg/Desktop/flying_robot_course/experiments/logs/c1_2026-10-01_merged/A6_2026-10-01_17-33-00/A6_2026-10-01_17-33-00_merged_usd.csv: 2 drones x 11406 rows -> 11406 kept
  dropped_zero_a_res: 245108 (row-ticks summed over all ego drones; partner may read 0 a_res)
  no_neighbour_influence: 123746
normalisation (rel)    mu=[ 0.0087 -0.0058  0.472  -0.0201 -0.0113 -0.0457] sigma=[0.0644 0.0503 0.2279 0.4593 0.3776 0.1501]
normalisation (ground) mu=[-0.7466 -0.011  -0.0086 -0.0227] sigma=[0.2885 0.3727 0.2911 0.1085]
train 196090 / val 49018 (contiguous blocks, not shuffled samples)
  epoch    0  train 0.37600  val RMSE 0.4225 m/s^2  *
  epoch   20  train 0.09069  val RMSE 0.2988 m/s^2  *
  epoch   39  train 0.08583  val RMSE 0.2989 m/s^2
best val RMSE 0.2982 m/s^2  (12.4s)
baseline (predict zero) 1.3333 m/s^2  ->  77.6% reduction
fold check: max |trained - exported| = 7.12e-07 m/s^2
wrote /home/georg/Desktop/flying_robot_course/experiments/analysis/out/c2_e2e_2026-10-01/loo_weights/train_without_A4_17-20-20.npz  (19297 weights)
/home/georg/.local/lib/python3.10/site-packages/torch/cuda/__init__.py:716: UserWarning: Can't initialize NVML
  warnings.warn("Can't initialize NVML")
dataset: 245565 samples from 25 file(s)
  /home/georg/Desktop/flying_robot_course/experiments/logs/c1_2026-09-21_merged/A1_2026-09-21_12-51-16/A1_2026-09-21_12-51-16_merged_usd.csv: 2 drones x 7554 rows -> 7554 kept
  /home/georg/Desktop/flying_robot_course/experiments/logs/c1_2026-09-23_merged/A1_2026-09-23_17-17-26/A1_2026-09-23_17-17-26_merged_usd.csv: 2 drones x 7805 rows -> 7805 kept
  /home/georg/Desktop/flying_robot_course/experiments/logs/c1_2026-09-23_merged/A1_2026-09-23_17-18-48/A1_2026-09-23_17-18-48_merged_usd.csv: 2 drones x 8052 rows -> 8052 kept
  /home/georg/Desktop/flying_robot_course/experiments/logs/c1_2026-09-23_merged/A1_2026-09-23_17-36-06/A1_2026-09-23_17-36-06_merged_usd.csv: 2 drones x 8055 rows -> 8055 kept
  /home/georg/Desktop/flying_robot_course/experiments/logs/c1_2026-09-23_merged/A1_2026-09-23_17-37-26/A1_2026-09-23_17-37-26_merged_usd.csv: 2 drones x 7983 rows -> 7983 kept
  /home/georg/Desktop/flying_robot_course/experiments/logs/c1_2026-09-28_merged/A1_2026-09-28_17-47-50/A1_2026-09-28_17-47-50_merged_usd.csv: 2 drones x 7983 rows -> 7983 kept
  /home/georg/Desktop/flying_robot_course/experiments/logs/c1_2026-09-28_merged/A2_2026-09-28_17-49-37/A2_2026-09-28_17-49-37_merged_usd.csv: 2 drones x 7856 rows -> 7856 kept
  /home/georg/Desktop/flying_robot_course/experiments/logs/c1_2026-09-28_merged/A2_2026-09-28_17-52-55/A2_2026-09-28_17-52-55_merged_usd.csv: 2 drones x 7857 rows -> 7857 kept
  /home/georg/Desktop/flying_robot_course/experiments/logs/c1_2026-09-21_merged/A3_2026-09-21_13-00-57/A3_2026-09-21_13-00-57_merged_usd.csv: 2 drones x 17691 rows -> 17691 kept
  /home/georg/Desktop/flying_robot_course/experiments/logs/c1_2026-09-21_merged/A3_2026-09-21_13-02-56/A3_2026-09-21_13-02-56_merged_usd.csv: 2 drones x 17897 rows -> 17897 kept
  /home/georg/Desktop/flying_robot_course/experiments/logs/c1_2026-09-21_merged/A3_2026-09-21_13-04-34/A3_2026-09-21_13-04-34_merged_usd.csv: 2 drones x 10502 rows -> 10502 kept
  /home/georg/Desktop/flying_robot_course/experiments/logs/c1_2026-09-23_merged/A3_2026-09-23_17-45-03/A3_2026-09-23_17-45-03_merged_usd.csv: 2 drones x 10969 rows -> 10969 kept
  /home/georg/Desktop/flying_robot_course/experiments/logs/c1_2026-09-23_merged/A3_2026-09-23_17-46-43/A3_2026-09-23_17-46-43_merged_usd.csv: 2 drones x 10503 rows -> 10503 kept
  /home/georg/Desktop/flying_robot_course/experiments/logs/c1_2026-09-23_merged/A3_2026-09-23_17-54-32/A3_2026-09-23_17-54-32_merged_usd.csv: 2 drones x 13131 rows -> 13131 kept
  /home/georg/Desktop/flying_robot_course/experiments/logs/c1_2026-09-23_merged/A3_2026-09-23_17-57-32/A3_2026-09-23_17-57-32_merged_usd.csv: 2 drones x 13564 rows -> 13564 kept
  /home/georg/Desktop/flying_robot_course/experiments/logs/c1_2026-09-28_merged/A4_2026-09-28_17-20-20/A4_2026-09-28_17-20-20_merged_usd.csv: 2 drones x 9873 rows -> 9873 kept
  /home/georg/Desktop/flying_robot_course/experiments/logs/c1_2026-09-28_merged/A4_2026-09-28_17-25-41/A4_2026-09-28_17-25-41_merged_usd.csv: 2 drones x 9895 rows -> 9895 kept
  /home/georg/Desktop/flying_robot_course/experiments/logs/c1_2026-09-28_merged/A4_2026-09-28_17-27-11/A4_2026-09-28_17-27-11_merged_usd.csv: 2 drones x 9893 rows -> 9893 kept
  /home/georg/Desktop/flying_robot_course/experiments/logs/c1_2026-09-23_merged/A7_2026-09-23_19-11-19/A7_2026-09-23_19-11-19_merged_usd.csv: 2 drones x 6418 rows -> 6418 kept
  /home/georg/Desktop/flying_robot_course/experiments/logs/c1_2026-09-23_merged/A7_2026-09-23_19-12-38/A7_2026-09-23_19-12-38_merged_usd.csv: 2 drones x 6398 rows -> 6398 kept
  /home/georg/Desktop/flying_robot_course/experiments/logs/c1_2026-09-23_merged/A7_2026-09-23_19-13-55/A7_2026-09-23_19-13-55_merged_usd.csv: 2 drones x 6398 rows -> 6398 kept
  /home/georg/Desktop/flying_robot_course/experiments/logs/c1_2026-10-01_merged/A5_2026-10-01_17-18-28/A5_2026-10-01_17-18-28_merged_usd.csv: 2 drones x 9295 rows -> 9295 kept
  /home/georg/Desktop/flying_robot_course/experiments/logs/c1_2026-10-01_merged/A5_2026-10-01_17-20-06/A5_2026-10-01_17-20-06_merged_usd.csv: 2 drones x 9293 rows -> 9293 kept
  /home/georg/Desktop/flying_robot_course/experiments/logs/c1_2026-10-01_merged/A5_2026-10-01_17-44-57/A5_2026-10-01_17-44-57_merged_usd.csv: 2 drones x 9294 rows -> 9294 kept
  /home/georg/Desktop/flying_robot_course/experiments/logs/c1_2026-10-01_merged/A6_2026-10-01_17-33-00/A6_2026-10-01_17-33-00_merged_usd.csv: 2 drones x 11406 rows -> 11406 kept
  dropped_zero_a_res: 245565 (row-ticks summed over all ego drones; partner may read 0 a_res)
  no_neighbour_influence: 123607
normalisation (rel)    mu=[ 0.0086 -0.006   0.4715 -0.0216 -0.0114 -0.0458] sigma=[0.0646 0.0504 0.2275 0.4611 0.3769 0.1502]
normalisation (ground) mu=[-0.7468 -0.0112 -0.0084 -0.0228] sigma=[0.2882 0.374  0.2911 0.1088]
train 196552 / val 49013 (contiguous blocks, not shuffled samples)
  epoch    0  train 0.38276  val RMSE 0.4223 m/s^2  *
  epoch   20  train 0.08865  val RMSE 0.2882 m/s^2
  epoch   39  train 0.08348  val RMSE 0.2846 m/s^2
best val RMSE 0.2825 m/s^2  (12.1s)
baseline (predict zero) 1.2853 m/s^2  ->  78.0% reduction
fold check: max |trained - exported| = 8.96e-07 m/s^2
wrote /home/georg/Desktop/flying_robot_course/experiments/analysis/out/c2_e2e_2026-10-01/loo_weights/train_without_A4_17-23-40.npz  (19297 weights)
/home/georg/.local/lib/python3.10/site-packages/torch/cuda/__init__.py:716: UserWarning: Can't initialize NVML
  warnings.warn("Can't initialize NVML")
dataset: 245086 samples from 25 file(s)
  /home/georg/Desktop/flying_robot_course/experiments/logs/c1_2026-09-21_merged/A1_2026-09-21_12-51-16/A1_2026-09-21_12-51-16_merged_usd.csv: 2 drones x 7554 rows -> 7554 kept
  /home/georg/Desktop/flying_robot_course/experiments/logs/c1_2026-09-23_merged/A1_2026-09-23_17-17-26/A1_2026-09-23_17-17-26_merged_usd.csv: 2 drones x 7805 rows -> 7805 kept
  /home/georg/Desktop/flying_robot_course/experiments/logs/c1_2026-09-23_merged/A1_2026-09-23_17-18-48/A1_2026-09-23_17-18-48_merged_usd.csv: 2 drones x 8052 rows -> 8052 kept
  /home/georg/Desktop/flying_robot_course/experiments/logs/c1_2026-09-23_merged/A1_2026-09-23_17-36-06/A1_2026-09-23_17-36-06_merged_usd.csv: 2 drones x 8055 rows -> 8055 kept
  /home/georg/Desktop/flying_robot_course/experiments/logs/c1_2026-09-23_merged/A1_2026-09-23_17-37-26/A1_2026-09-23_17-37-26_merged_usd.csv: 2 drones x 7983 rows -> 7983 kept
  /home/georg/Desktop/flying_robot_course/experiments/logs/c1_2026-09-28_merged/A1_2026-09-28_17-47-50/A1_2026-09-28_17-47-50_merged_usd.csv: 2 drones x 7983 rows -> 7983 kept
  /home/georg/Desktop/flying_robot_course/experiments/logs/c1_2026-09-28_merged/A2_2026-09-28_17-49-37/A2_2026-09-28_17-49-37_merged_usd.csv: 2 drones x 7856 rows -> 7856 kept
  /home/georg/Desktop/flying_robot_course/experiments/logs/c1_2026-09-28_merged/A2_2026-09-28_17-52-55/A2_2026-09-28_17-52-55_merged_usd.csv: 2 drones x 7857 rows -> 7857 kept
  /home/georg/Desktop/flying_robot_course/experiments/logs/c1_2026-09-21_merged/A3_2026-09-21_13-00-57/A3_2026-09-21_13-00-57_merged_usd.csv: 2 drones x 17691 rows -> 17691 kept
  /home/georg/Desktop/flying_robot_course/experiments/logs/c1_2026-09-21_merged/A3_2026-09-21_13-02-56/A3_2026-09-21_13-02-56_merged_usd.csv: 2 drones x 17897 rows -> 17897 kept
  /home/georg/Desktop/flying_robot_course/experiments/logs/c1_2026-09-21_merged/A3_2026-09-21_13-04-34/A3_2026-09-21_13-04-34_merged_usd.csv: 2 drones x 10502 rows -> 10502 kept
  /home/georg/Desktop/flying_robot_course/experiments/logs/c1_2026-09-23_merged/A3_2026-09-23_17-45-03/A3_2026-09-23_17-45-03_merged_usd.csv: 2 drones x 10969 rows -> 10969 kept
  /home/georg/Desktop/flying_robot_course/experiments/logs/c1_2026-09-23_merged/A3_2026-09-23_17-46-43/A3_2026-09-23_17-46-43_merged_usd.csv: 2 drones x 10503 rows -> 10503 kept
  /home/georg/Desktop/flying_robot_course/experiments/logs/c1_2026-09-23_merged/A3_2026-09-23_17-54-32/A3_2026-09-23_17-54-32_merged_usd.csv: 2 drones x 13131 rows -> 13131 kept
  /home/georg/Desktop/flying_robot_course/experiments/logs/c1_2026-09-23_merged/A3_2026-09-23_17-57-32/A3_2026-09-23_17-57-32_merged_usd.csv: 2 drones x 13564 rows -> 13564 kept
  /home/georg/Desktop/flying_robot_course/experiments/logs/c1_2026-09-28_merged/A4_2026-09-28_17-20-20/A4_2026-09-28_17-20-20_merged_usd.csv: 2 drones x 9873 rows -> 9873 kept
  /home/georg/Desktop/flying_robot_course/experiments/logs/c1_2026-09-28_merged/A4_2026-09-28_17-23-40/A4_2026-09-28_17-23-40_merged_usd.csv: 2 drones x 9416 rows -> 9416 kept
  /home/georg/Desktop/flying_robot_course/experiments/logs/c1_2026-09-28_merged/A4_2026-09-28_17-27-11/A4_2026-09-28_17-27-11_merged_usd.csv: 2 drones x 9893 rows -> 9893 kept
  /home/georg/Desktop/flying_robot_course/experiments/logs/c1_2026-09-23_merged/A7_2026-09-23_19-11-19/A7_2026-09-23_19-11-19_merged_usd.csv: 2 drones x 6418 rows -> 6418 kept
  /home/georg/Desktop/flying_robot_course/experiments/logs/c1_2026-09-23_merged/A7_2026-09-23_19-12-38/A7_2026-09-23_19-12-38_merged_usd.csv: 2 drones x 6398 rows -> 6398 kept
  /home/georg/Desktop/flying_robot_course/experiments/logs/c1_2026-09-23_merged/A7_2026-09-23_19-13-55/A7_2026-09-23_19-13-55_merged_usd.csv: 2 drones x 6398 rows -> 6398 kept
  /home/georg/Desktop/flying_robot_course/experiments/logs/c1_2026-10-01_merged/A5_2026-10-01_17-18-28/A5_2026-10-01_17-18-28_merged_usd.csv: 2 drones x 9295 rows -> 9295 kept
  /home/georg/Desktop/flying_robot_course/experiments/logs/c1_2026-10-01_merged/A5_2026-10-01_17-20-06/A5_2026-10-01_17-20-06_merged_usd.csv: 2 drones x 9293 rows -> 9293 kept
  /home/georg/Desktop/flying_robot_course/experiments/logs/c1_2026-10-01_merged/A5_2026-10-01_17-44-57/A5_2026-10-01_17-44-57_merged_usd.csv: 2 drones x 9294 rows -> 9294 kept
  /home/georg/Desktop/flying_robot_course/experiments/logs/c1_2026-10-01_merged/A6_2026-10-01_17-33-00/A6_2026-10-01_17-33-00_merged_usd.csv: 2 drones x 11406 rows -> 11406 kept
  dropped_zero_a_res: 245086 (row-ticks summed over all ego drones; partner may read 0 a_res)
  no_neighbour_influence: 123648
normalisation (rel)    mu=[ 0.0107 -0.0069  0.4671 -0.0207 -0.0116 -0.0462] sigma=[0.0634 0.0498 0.2296 0.4662 0.3787 0.1517]
normalisation (ground) mu=[-0.7456 -0.0112 -0.0085 -0.0233] sigma=[0.2879 0.3774 0.2925 0.1098]
train 196070 / val 49016 (contiguous blocks, not shuffled samples)
  epoch    0  train 0.38065  val RMSE 0.4249 m/s^2  *
  epoch   20  train 0.08658  val RMSE 0.2920 m/s^2
  epoch   39  train 0.08190  val RMSE 0.2913 m/s^2
best val RMSE 0.2906 m/s^2  (11.9s)
baseline (predict zero) 1.3387 m/s^2  ->  78.3% reduction
fold check: max |trained - exported| = 1.06e-06 m/s^2
wrote /home/georg/Desktop/flying_robot_course/experiments/analysis/out/c2_e2e_2026-10-01/loo_weights/train_without_A4_17-25-41.npz  (19297 weights)
/home/georg/.local/lib/python3.10/site-packages/torch/cuda/__init__.py:716: UserWarning: Can't initialize NVML
  warnings.warn("Can't initialize NVML")
dataset: 245088 samples from 25 file(s)
  /home/georg/Desktop/flying_robot_course/experiments/logs/c1_2026-09-21_merged/A1_2026-09-21_12-51-16/A1_2026-09-21_12-51-16_merged_usd.csv: 2 drones x 7554 rows -> 7554 kept
  /home/georg/Desktop/flying_robot_course/experiments/logs/c1_2026-09-23_merged/A1_2026-09-23_17-17-26/A1_2026-09-23_17-17-26_merged_usd.csv: 2 drones x 7805 rows -> 7805 kept
  /home/georg/Desktop/flying_robot_course/experiments/logs/c1_2026-09-23_merged/A1_2026-09-23_17-18-48/A1_2026-09-23_17-18-48_merged_usd.csv: 2 drones x 8052 rows -> 8052 kept
  /home/georg/Desktop/flying_robot_course/experiments/logs/c1_2026-09-23_merged/A1_2026-09-23_17-36-06/A1_2026-09-23_17-36-06_merged_usd.csv: 2 drones x 8055 rows -> 8055 kept
  /home/georg/Desktop/flying_robot_course/experiments/logs/c1_2026-09-23_merged/A1_2026-09-23_17-37-26/A1_2026-09-23_17-37-26_merged_usd.csv: 2 drones x 7983 rows -> 7983 kept
  /home/georg/Desktop/flying_robot_course/experiments/logs/c1_2026-09-28_merged/A1_2026-09-28_17-47-50/A1_2026-09-28_17-47-50_merged_usd.csv: 2 drones x 7983 rows -> 7983 kept
  /home/georg/Desktop/flying_robot_course/experiments/logs/c1_2026-09-28_merged/A2_2026-09-28_17-49-37/A2_2026-09-28_17-49-37_merged_usd.csv: 2 drones x 7856 rows -> 7856 kept
  /home/georg/Desktop/flying_robot_course/experiments/logs/c1_2026-09-28_merged/A2_2026-09-28_17-52-55/A2_2026-09-28_17-52-55_merged_usd.csv: 2 drones x 7857 rows -> 7857 kept
  /home/georg/Desktop/flying_robot_course/experiments/logs/c1_2026-09-21_merged/A3_2026-09-21_13-00-57/A3_2026-09-21_13-00-57_merged_usd.csv: 2 drones x 17691 rows -> 17691 kept
  /home/georg/Desktop/flying_robot_course/experiments/logs/c1_2026-09-21_merged/A3_2026-09-21_13-02-56/A3_2026-09-21_13-02-56_merged_usd.csv: 2 drones x 17897 rows -> 17897 kept
  /home/georg/Desktop/flying_robot_course/experiments/logs/c1_2026-09-21_merged/A3_2026-09-21_13-04-34/A3_2026-09-21_13-04-34_merged_usd.csv: 2 drones x 10502 rows -> 10502 kept
  /home/georg/Desktop/flying_robot_course/experiments/logs/c1_2026-09-23_merged/A3_2026-09-23_17-45-03/A3_2026-09-23_17-45-03_merged_usd.csv: 2 drones x 10969 rows -> 10969 kept
  /home/georg/Desktop/flying_robot_course/experiments/logs/c1_2026-09-23_merged/A3_2026-09-23_17-46-43/A3_2026-09-23_17-46-43_merged_usd.csv: 2 drones x 10503 rows -> 10503 kept
  /home/georg/Desktop/flying_robot_course/experiments/logs/c1_2026-09-23_merged/A3_2026-09-23_17-54-32/A3_2026-09-23_17-54-32_merged_usd.csv: 2 drones x 13131 rows -> 13131 kept
  /home/georg/Desktop/flying_robot_course/experiments/logs/c1_2026-09-23_merged/A3_2026-09-23_17-57-32/A3_2026-09-23_17-57-32_merged_usd.csv: 2 drones x 13564 rows -> 13564 kept
  /home/georg/Desktop/flying_robot_course/experiments/logs/c1_2026-09-28_merged/A4_2026-09-28_17-20-20/A4_2026-09-28_17-20-20_merged_usd.csv: 2 drones x 9873 rows -> 9873 kept
  /home/georg/Desktop/flying_robot_course/experiments/logs/c1_2026-09-28_merged/A4_2026-09-28_17-23-40/A4_2026-09-28_17-23-40_merged_usd.csv: 2 drones x 9416 rows -> 9416 kept
  /home/georg/Desktop/flying_robot_course/experiments/logs/c1_2026-09-28_merged/A4_2026-09-28_17-25-41/A4_2026-09-28_17-25-41_merged_usd.csv: 2 drones x 9895 rows -> 9895 kept
  /home/georg/Desktop/flying_robot_course/experiments/logs/c1_2026-09-23_merged/A7_2026-09-23_19-11-19/A7_2026-09-23_19-11-19_merged_usd.csv: 2 drones x 6418 rows -> 6418 kept
  /home/georg/Desktop/flying_robot_course/experiments/logs/c1_2026-09-23_merged/A7_2026-09-23_19-12-38/A7_2026-09-23_19-12-38_merged_usd.csv: 2 drones x 6398 rows -> 6398 kept
  /home/georg/Desktop/flying_robot_course/experiments/logs/c1_2026-09-23_merged/A7_2026-09-23_19-13-55/A7_2026-09-23_19-13-55_merged_usd.csv: 2 drones x 6398 rows -> 6398 kept
  /home/georg/Desktop/flying_robot_course/experiments/logs/c1_2026-10-01_merged/A5_2026-10-01_17-18-28/A5_2026-10-01_17-18-28_merged_usd.csv: 2 drones x 9295 rows -> 9295 kept
  /home/georg/Desktop/flying_robot_course/experiments/logs/c1_2026-10-01_merged/A5_2026-10-01_17-20-06/A5_2026-10-01_17-20-06_merged_usd.csv: 2 drones x 9293 rows -> 9293 kept
  /home/georg/Desktop/flying_robot_course/experiments/logs/c1_2026-10-01_merged/A5_2026-10-01_17-44-57/A5_2026-10-01_17-44-57_merged_usd.csv: 2 drones x 9294 rows -> 9294 kept
  /home/georg/Desktop/flying_robot_course/experiments/logs/c1_2026-10-01_merged/A6_2026-10-01_17-33-00/A6_2026-10-01_17-33-00_merged_usd.csv: 2 drones x 11406 rows -> 11406 kept
  dropped_zero_a_res: 245088 (row-ticks summed over all ego drones; partner may read 0 a_res)
  no_neighbour_influence: 123735
normalisation (rel)    mu=[ 0.01   -0.0071  0.4664 -0.0204 -0.0119 -0.0463] sigma=[0.0643 0.0496 0.2296 0.4659 0.3784 0.1516]
normalisation (ground) mu=[-0.746  -0.0112 -0.0086 -0.0233] sigma=[0.2882 0.3771 0.2921 0.1097]
train 196065 / val 49023 (contiguous blocks, not shuffled samples)
  epoch    0  train 0.37789  val RMSE 0.4236 m/s^2  *
  epoch   20  train 0.08658  val RMSE 0.2915 m/s^2
  epoch   39  train 0.08185  val RMSE 0.2896 m/s^2
best val RMSE 0.2886 m/s^2  (12.1s)
baseline (predict zero) 1.3182 m/s^2  ->  78.1% reduction
fold check: max |trained - exported| = 1.57e-06 m/s^2
wrote /home/georg/Desktop/flying_robot_course/experiments/analysis/out/c2_e2e_2026-10-01/loo_weights/train_without_A4_17-27-11.npz  (19297 weights)
/home/georg/.local/lib/python3.10/site-packages/torch/cuda/__init__.py:716: UserWarning: Can't initialize NVML
  warnings.warn("Can't initialize NVML")
dataset: 248563 samples from 25 file(s)
  /home/georg/Desktop/flying_robot_course/experiments/logs/c1_2026-09-21_merged/A1_2026-09-21_12-51-16/A1_2026-09-21_12-51-16_merged_usd.csv: 2 drones x 7554 rows -> 7554 kept
  /home/georg/Desktop/flying_robot_course/experiments/logs/c1_2026-09-23_merged/A1_2026-09-23_17-17-26/A1_2026-09-23_17-17-26_merged_usd.csv: 2 drones x 7805 rows -> 7805 kept
  /home/georg/Desktop/flying_robot_course/experiments/logs/c1_2026-09-23_merged/A1_2026-09-23_17-18-48/A1_2026-09-23_17-18-48_merged_usd.csv: 2 drones x 8052 rows -> 8052 kept
  /home/georg/Desktop/flying_robot_course/experiments/logs/c1_2026-09-23_merged/A1_2026-09-23_17-36-06/A1_2026-09-23_17-36-06_merged_usd.csv: 2 drones x 8055 rows -> 8055 kept
  /home/georg/Desktop/flying_robot_course/experiments/logs/c1_2026-09-23_merged/A1_2026-09-23_17-37-26/A1_2026-09-23_17-37-26_merged_usd.csv: 2 drones x 7983 rows -> 7983 kept
  /home/georg/Desktop/flying_robot_course/experiments/logs/c1_2026-09-28_merged/A1_2026-09-28_17-47-50/A1_2026-09-28_17-47-50_merged_usd.csv: 2 drones x 7983 rows -> 7983 kept
  /home/georg/Desktop/flying_robot_course/experiments/logs/c1_2026-09-28_merged/A2_2026-09-28_17-49-37/A2_2026-09-28_17-49-37_merged_usd.csv: 2 drones x 7856 rows -> 7856 kept
  /home/georg/Desktop/flying_robot_course/experiments/logs/c1_2026-09-28_merged/A2_2026-09-28_17-52-55/A2_2026-09-28_17-52-55_merged_usd.csv: 2 drones x 7857 rows -> 7857 kept
  /home/georg/Desktop/flying_robot_course/experiments/logs/c1_2026-09-21_merged/A3_2026-09-21_13-00-57/A3_2026-09-21_13-00-57_merged_usd.csv: 2 drones x 17691 rows -> 17691 kept
  /home/georg/Desktop/flying_robot_course/experiments/logs/c1_2026-09-21_merged/A3_2026-09-21_13-02-56/A3_2026-09-21_13-02-56_merged_usd.csv: 2 drones x 17897 rows -> 17897 kept
  /home/georg/Desktop/flying_robot_course/experiments/logs/c1_2026-09-21_merged/A3_2026-09-21_13-04-34/A3_2026-09-21_13-04-34_merged_usd.csv: 2 drones x 10502 rows -> 10502 kept
  /home/georg/Desktop/flying_robot_course/experiments/logs/c1_2026-09-23_merged/A3_2026-09-23_17-45-03/A3_2026-09-23_17-45-03_merged_usd.csv: 2 drones x 10969 rows -> 10969 kept
  /home/georg/Desktop/flying_robot_course/experiments/logs/c1_2026-09-23_merged/A3_2026-09-23_17-46-43/A3_2026-09-23_17-46-43_merged_usd.csv: 2 drones x 10503 rows -> 10503 kept
  /home/georg/Desktop/flying_robot_course/experiments/logs/c1_2026-09-23_merged/A3_2026-09-23_17-54-32/A3_2026-09-23_17-54-32_merged_usd.csv: 2 drones x 13131 rows -> 13131 kept
  /home/georg/Desktop/flying_robot_course/experiments/logs/c1_2026-09-23_merged/A3_2026-09-23_17-57-32/A3_2026-09-23_17-57-32_merged_usd.csv: 2 drones x 13564 rows -> 13564 kept
  /home/georg/Desktop/flying_robot_course/experiments/logs/c1_2026-09-28_merged/A4_2026-09-28_17-20-20/A4_2026-09-28_17-20-20_merged_usd.csv: 2 drones x 9873 rows -> 9873 kept
  /home/georg/Desktop/flying_robot_course/experiments/logs/c1_2026-09-28_merged/A4_2026-09-28_17-23-40/A4_2026-09-28_17-23-40_merged_usd.csv: 2 drones x 9416 rows -> 9416 kept
  /home/georg/Desktop/flying_robot_course/experiments/logs/c1_2026-09-28_merged/A4_2026-09-28_17-25-41/A4_2026-09-28_17-25-41_merged_usd.csv: 2 drones x 9895 rows -> 9895 kept
  /home/georg/Desktop/flying_robot_course/experiments/logs/c1_2026-09-28_merged/A4_2026-09-28_17-27-11/A4_2026-09-28_17-27-11_merged_usd.csv: 2 drones x 9893 rows -> 9893 kept
  /home/georg/Desktop/flying_robot_course/experiments/logs/c1_2026-09-23_merged/A7_2026-09-23_19-12-38/A7_2026-09-23_19-12-38_merged_usd.csv: 2 drones x 6398 rows -> 6398 kept
  /home/georg/Desktop/flying_robot_course/experiments/logs/c1_2026-09-23_merged/A7_2026-09-23_19-13-55/A7_2026-09-23_19-13-55_merged_usd.csv: 2 drones x 6398 rows -> 6398 kept
  /home/georg/Desktop/flying_robot_course/experiments/logs/c1_2026-10-01_merged/A5_2026-10-01_17-18-28/A5_2026-10-01_17-18-28_merged_usd.csv: 2 drones x 9295 rows -> 9295 kept
  /home/georg/Desktop/flying_robot_course/experiments/logs/c1_2026-10-01_merged/A5_2026-10-01_17-20-06/A5_2026-10-01_17-20-06_merged_usd.csv: 2 drones x 9293 rows -> 9293 kept
  /home/georg/Desktop/flying_robot_course/experiments/logs/c1_2026-10-01_merged/A5_2026-10-01_17-44-57/A5_2026-10-01_17-44-57_merged_usd.csv: 2 drones x 9294 rows -> 9294 kept
  /home/georg/Desktop/flying_robot_course/experiments/logs/c1_2026-10-01_merged/A6_2026-10-01_17-33-00/A6_2026-10-01_17-33-00_merged_usd.csv: 2 drones x 11406 rows -> 11406 kept
  dropped_zero_a_res: 248563 (row-ticks summed over all ego drones; partner may read 0 a_res)
  no_neighbour_influence: 129544
normalisation (rel)    mu=[ 0.0077 -0.008   0.4539 -0.0204 -0.0154 -0.0417] sigma=[0.0663 0.0514 0.2036 0.4686 0.3776 0.1505]
normalisation (ground) mu=[-0.7713 -0.0119 -0.0059 -0.0226] sigma=[0.2674 0.3754 0.2895 0.1084]
train 199042 / val 49521 (contiguous blocks, not shuffled samples)
  epoch    0  train 0.36396  val RMSE 0.3935 m/s^2  *
  epoch   20  train 0.08399  val RMSE 0.2848 m/s^2  *
  epoch   39  train 0.07830  val RMSE 0.2793 m/s^2
best val RMSE 0.2786 m/s^2  (12.7s)
baseline (predict zero) 1.3159 m/s^2  ->  78.8% reduction
fold check: max |trained - exported| = 1.24e-06 m/s^2
wrote /home/georg/Desktop/flying_robot_course/experiments/analysis/out/c2_e2e_2026-10-01/loo_weights/train_without_A7_19-11-19.npz  (19297 weights)
/home/georg/.local/lib/python3.10/site-packages/torch/cuda/__init__.py:716: UserWarning: Can't initialize NVML
  warnings.warn("Can't initialize NVML")
dataset: 248583 samples from 25 file(s)
  /home/georg/Desktop/flying_robot_course/experiments/logs/c1_2026-09-21_merged/A1_2026-09-21_12-51-16/A1_2026-09-21_12-51-16_merged_usd.csv: 2 drones x 7554 rows -> 7554 kept
  /home/georg/Desktop/flying_robot_course/experiments/logs/c1_2026-09-23_merged/A1_2026-09-23_17-17-26/A1_2026-09-23_17-17-26_merged_usd.csv: 2 drones x 7805 rows -> 7805 kept
  /home/georg/Desktop/flying_robot_course/experiments/logs/c1_2026-09-23_merged/A1_2026-09-23_17-18-48/A1_2026-09-23_17-18-48_merged_usd.csv: 2 drones x 8052 rows -> 8052 kept
  /home/georg/Desktop/flying_robot_course/experiments/logs/c1_2026-09-23_merged/A1_2026-09-23_17-36-06/A1_2026-09-23_17-36-06_merged_usd.csv: 2 drones x 8055 rows -> 8055 kept
  /home/georg/Desktop/flying_robot_course/experiments/logs/c1_2026-09-23_merged/A1_2026-09-23_17-37-26/A1_2026-09-23_17-37-26_merged_usd.csv: 2 drones x 7983 rows -> 7983 kept
  /home/georg/Desktop/flying_robot_course/experiments/logs/c1_2026-09-28_merged/A1_2026-09-28_17-47-50/A1_2026-09-28_17-47-50_merged_usd.csv: 2 drones x 7983 rows -> 7983 kept
  /home/georg/Desktop/flying_robot_course/experiments/logs/c1_2026-09-28_merged/A2_2026-09-28_17-49-37/A2_2026-09-28_17-49-37_merged_usd.csv: 2 drones x 7856 rows -> 7856 kept
  /home/georg/Desktop/flying_robot_course/experiments/logs/c1_2026-09-28_merged/A2_2026-09-28_17-52-55/A2_2026-09-28_17-52-55_merged_usd.csv: 2 drones x 7857 rows -> 7857 kept
  /home/georg/Desktop/flying_robot_course/experiments/logs/c1_2026-09-21_merged/A3_2026-09-21_13-00-57/A3_2026-09-21_13-00-57_merged_usd.csv: 2 drones x 17691 rows -> 17691 kept
  /home/georg/Desktop/flying_robot_course/experiments/logs/c1_2026-09-21_merged/A3_2026-09-21_13-02-56/A3_2026-09-21_13-02-56_merged_usd.csv: 2 drones x 17897 rows -> 17897 kept
  /home/georg/Desktop/flying_robot_course/experiments/logs/c1_2026-09-21_merged/A3_2026-09-21_13-04-34/A3_2026-09-21_13-04-34_merged_usd.csv: 2 drones x 10502 rows -> 10502 kept
  /home/georg/Desktop/flying_robot_course/experiments/logs/c1_2026-09-23_merged/A3_2026-09-23_17-45-03/A3_2026-09-23_17-45-03_merged_usd.csv: 2 drones x 10969 rows -> 10969 kept
  /home/georg/Desktop/flying_robot_course/experiments/logs/c1_2026-09-23_merged/A3_2026-09-23_17-46-43/A3_2026-09-23_17-46-43_merged_usd.csv: 2 drones x 10503 rows -> 10503 kept
  /home/georg/Desktop/flying_robot_course/experiments/logs/c1_2026-09-23_merged/A3_2026-09-23_17-54-32/A3_2026-09-23_17-54-32_merged_usd.csv: 2 drones x 13131 rows -> 13131 kept
  /home/georg/Desktop/flying_robot_course/experiments/logs/c1_2026-09-23_merged/A3_2026-09-23_17-57-32/A3_2026-09-23_17-57-32_merged_usd.csv: 2 drones x 13564 rows -> 13564 kept
  /home/georg/Desktop/flying_robot_course/experiments/logs/c1_2026-09-28_merged/A4_2026-09-28_17-20-20/A4_2026-09-28_17-20-20_merged_usd.csv: 2 drones x 9873 rows -> 9873 kept
  /home/georg/Desktop/flying_robot_course/experiments/logs/c1_2026-09-28_merged/A4_2026-09-28_17-23-40/A4_2026-09-28_17-23-40_merged_usd.csv: 2 drones x 9416 rows -> 9416 kept
  /home/georg/Desktop/flying_robot_course/experiments/logs/c1_2026-09-28_merged/A4_2026-09-28_17-25-41/A4_2026-09-28_17-25-41_merged_usd.csv: 2 drones x 9895 rows -> 9895 kept
  /home/georg/Desktop/flying_robot_course/experiments/logs/c1_2026-09-28_merged/A4_2026-09-28_17-27-11/A4_2026-09-28_17-27-11_merged_usd.csv: 2 drones x 9893 rows -> 9893 kept
  /home/georg/Desktop/flying_robot_course/experiments/logs/c1_2026-09-23_merged/A7_2026-09-23_19-11-19/A7_2026-09-23_19-11-19_merged_usd.csv: 2 drones x 6418 rows -> 6418 kept
  /home/georg/Desktop/flying_robot_course/experiments/logs/c1_2026-09-23_merged/A7_2026-09-23_19-13-55/A7_2026-09-23_19-13-55_merged_usd.csv: 2 drones x 6398 rows -> 6398 kept
  /home/georg/Desktop/flying_robot_course/experiments/logs/c1_2026-10-01_merged/A5_2026-10-01_17-18-28/A5_2026-10-01_17-18-28_merged_usd.csv: 2 drones x 9295 rows -> 9295 kept
  /home/georg/Desktop/flying_robot_course/experiments/logs/c1_2026-10-01_merged/A5_2026-10-01_17-20-06/A5_2026-10-01_17-20-06_merged_usd.csv: 2 drones x 9293 rows -> 9293 kept
  /home/georg/Desktop/flying_robot_course/experiments/logs/c1_2026-10-01_merged/A5_2026-10-01_17-44-57/A5_2026-10-01_17-44-57_merged_usd.csv: 2 drones x 9294 rows -> 9294 kept
  /home/georg/Desktop/flying_robot_course/experiments/logs/c1_2026-10-01_merged/A6_2026-10-01_17-33-00/A6_2026-10-01_17-33-00_merged_usd.csv: 2 drones x 11406 rows -> 11406 kept
  dropped_zero_a_res: 248583 (row-ticks summed over all ego drones; partner may read 0 a_res)
  no_neighbour_influence: 129544
normalisation (rel)    mu=[ 0.0082 -0.0075  0.4538 -0.0209 -0.0167 -0.0414] sigma=[0.0663 0.0517 0.2038 0.4678 0.3779 0.1511]
normalisation (ground) mu=[-0.7713 -0.0118 -0.0062 -0.0225] sigma=[0.2672 0.375  0.2895 0.1087]
train 199064 / val 49519 (contiguous blocks, not shuffled samples)
  epoch    0  train 0.36346  val RMSE 0.3918 m/s^2  *
  epoch   20  train 0.08662  val RMSE 0.2873 m/s^2
  epoch   39  train 0.08099  val RMSE 0.2851 m/s^2
best val RMSE 0.2832 m/s^2  (12.2s)
baseline (predict zero) 1.3150 m/s^2  ->  78.5% reduction
fold check: max |trained - exported| = 1.01e-06 m/s^2
wrote /home/georg/Desktop/flying_robot_course/experiments/analysis/out/c2_e2e_2026-10-01/loo_weights/train_without_A7_19-12-38.npz  (19297 weights)
/home/georg/.local/lib/python3.10/site-packages/torch/cuda/__init__.py:716: UserWarning: Can't initialize NVML
  warnings.warn("Can't initialize NVML")
dataset: 248583 samples from 25 file(s)
  /home/georg/Desktop/flying_robot_course/experiments/logs/c1_2026-09-21_merged/A1_2026-09-21_12-51-16/A1_2026-09-21_12-51-16_merged_usd.csv: 2 drones x 7554 rows -> 7554 kept
  /home/georg/Desktop/flying_robot_course/experiments/logs/c1_2026-09-23_merged/A1_2026-09-23_17-17-26/A1_2026-09-23_17-17-26_merged_usd.csv: 2 drones x 7805 rows -> 7805 kept
  /home/georg/Desktop/flying_robot_course/experiments/logs/c1_2026-09-23_merged/A1_2026-09-23_17-18-48/A1_2026-09-23_17-18-48_merged_usd.csv: 2 drones x 8052 rows -> 8052 kept
  /home/georg/Desktop/flying_robot_course/experiments/logs/c1_2026-09-23_merged/A1_2026-09-23_17-36-06/A1_2026-09-23_17-36-06_merged_usd.csv: 2 drones x 8055 rows -> 8055 kept
  /home/georg/Desktop/flying_robot_course/experiments/logs/c1_2026-09-23_merged/A1_2026-09-23_17-37-26/A1_2026-09-23_17-37-26_merged_usd.csv: 2 drones x 7983 rows -> 7983 kept
  /home/georg/Desktop/flying_robot_course/experiments/logs/c1_2026-09-28_merged/A1_2026-09-28_17-47-50/A1_2026-09-28_17-47-50_merged_usd.csv: 2 drones x 7983 rows -> 7983 kept
  /home/georg/Desktop/flying_robot_course/experiments/logs/c1_2026-09-28_merged/A2_2026-09-28_17-49-37/A2_2026-09-28_17-49-37_merged_usd.csv: 2 drones x 7856 rows -> 7856 kept
  /home/georg/Desktop/flying_robot_course/experiments/logs/c1_2026-09-28_merged/A2_2026-09-28_17-52-55/A2_2026-09-28_17-52-55_merged_usd.csv: 2 drones x 7857 rows -> 7857 kept
  /home/georg/Desktop/flying_robot_course/experiments/logs/c1_2026-09-21_merged/A3_2026-09-21_13-00-57/A3_2026-09-21_13-00-57_merged_usd.csv: 2 drones x 17691 rows -> 17691 kept
  /home/georg/Desktop/flying_robot_course/experiments/logs/c1_2026-09-21_merged/A3_2026-09-21_13-02-56/A3_2026-09-21_13-02-56_merged_usd.csv: 2 drones x 17897 rows -> 17897 kept
  /home/georg/Desktop/flying_robot_course/experiments/logs/c1_2026-09-21_merged/A3_2026-09-21_13-04-34/A3_2026-09-21_13-04-34_merged_usd.csv: 2 drones x 10502 rows -> 10502 kept
  /home/georg/Desktop/flying_robot_course/experiments/logs/c1_2026-09-23_merged/A3_2026-09-23_17-45-03/A3_2026-09-23_17-45-03_merged_usd.csv: 2 drones x 10969 rows -> 10969 kept
  /home/georg/Desktop/flying_robot_course/experiments/logs/c1_2026-09-23_merged/A3_2026-09-23_17-46-43/A3_2026-09-23_17-46-43_merged_usd.csv: 2 drones x 10503 rows -> 10503 kept
  /home/georg/Desktop/flying_robot_course/experiments/logs/c1_2026-09-23_merged/A3_2026-09-23_17-54-32/A3_2026-09-23_17-54-32_merged_usd.csv: 2 drones x 13131 rows -> 13131 kept
  /home/georg/Desktop/flying_robot_course/experiments/logs/c1_2026-09-23_merged/A3_2026-09-23_17-57-32/A3_2026-09-23_17-57-32_merged_usd.csv: 2 drones x 13564 rows -> 13564 kept
  /home/georg/Desktop/flying_robot_course/experiments/logs/c1_2026-09-28_merged/A4_2026-09-28_17-20-20/A4_2026-09-28_17-20-20_merged_usd.csv: 2 drones x 9873 rows -> 9873 kept
  /home/georg/Desktop/flying_robot_course/experiments/logs/c1_2026-09-28_merged/A4_2026-09-28_17-23-40/A4_2026-09-28_17-23-40_merged_usd.csv: 2 drones x 9416 rows -> 9416 kept
  /home/georg/Desktop/flying_robot_course/experiments/logs/c1_2026-09-28_merged/A4_2026-09-28_17-25-41/A4_2026-09-28_17-25-41_merged_usd.csv: 2 drones x 9895 rows -> 9895 kept
  /home/georg/Desktop/flying_robot_course/experiments/logs/c1_2026-09-28_merged/A4_2026-09-28_17-27-11/A4_2026-09-28_17-27-11_merged_usd.csv: 2 drones x 9893 rows -> 9893 kept
  /home/georg/Desktop/flying_robot_course/experiments/logs/c1_2026-09-23_merged/A7_2026-09-23_19-11-19/A7_2026-09-23_19-11-19_merged_usd.csv: 2 drones x 6418 rows -> 6418 kept
  /home/georg/Desktop/flying_robot_course/experiments/logs/c1_2026-09-23_merged/A7_2026-09-23_19-12-38/A7_2026-09-23_19-12-38_merged_usd.csv: 2 drones x 6398 rows -> 6398 kept
  /home/georg/Desktop/flying_robot_course/experiments/logs/c1_2026-10-01_merged/A5_2026-10-01_17-18-28/A5_2026-10-01_17-18-28_merged_usd.csv: 2 drones x 9295 rows -> 9295 kept
  /home/georg/Desktop/flying_robot_course/experiments/logs/c1_2026-10-01_merged/A5_2026-10-01_17-20-06/A5_2026-10-01_17-20-06_merged_usd.csv: 2 drones x 9293 rows -> 9293 kept
  /home/georg/Desktop/flying_robot_course/experiments/logs/c1_2026-10-01_merged/A5_2026-10-01_17-44-57/A5_2026-10-01_17-44-57_merged_usd.csv: 2 drones x 9294 rows -> 9294 kept
  /home/georg/Desktop/flying_robot_course/experiments/logs/c1_2026-10-01_merged/A6_2026-10-01_17-33-00/A6_2026-10-01_17-33-00_merged_usd.csv: 2 drones x 11406 rows -> 11406 kept
  dropped_zero_a_res: 248583 (row-ticks summed over all ego drones; partner may read 0 a_res)
  no_neighbour_influence: 129544
normalisation (rel)    mu=[ 0.0082 -0.0074  0.454  -0.0208 -0.0164 -0.0419] sigma=[0.0665 0.0517 0.2041 0.4687 0.378  0.1511]
normalisation (ground) mu=[-0.7712 -0.0116 -0.0061 -0.0227] sigma=[0.2674 0.3754 0.2897 0.1086]
train 199064 / val 49519 (contiguous blocks, not shuffled samples)
  epoch    0  train 0.36321  val RMSE 0.3945 m/s^2  *
  epoch   20  train 0.08578  val RMSE 0.2902 m/s^2
  epoch   39  train 0.08075  val RMSE 0.2918 m/s^2
best val RMSE 0.2887 m/s^2  (12.1s)
baseline (predict zero) 1.3031 m/s^2  ->  77.8% reduction
fold check: max |trained - exported| = 7.22e-07 m/s^2
wrote /home/georg/Desktop/flying_robot_course/experiments/analysis/out/c2_e2e_2026-10-01/loo_weights/train_without_A7_19-13-55.npz  (19297 weights)
/home/georg/.local/lib/python3.10/site-packages/torch/cuda/__init__.py:716: UserWarning: Can't initialize NVML
  warnings.warn("Can't initialize NVML")
dataset: 245686 samples from 25 file(s)
  /home/georg/Desktop/flying_robot_course/experiments/logs/c1_2026-09-21_merged/A1_2026-09-21_12-51-16/A1_2026-09-21_12-51-16_merged_usd.csv: 2 drones x 7554 rows -> 7554 kept
  /home/georg/Desktop/flying_robot_course/experiments/logs/c1_2026-09-23_merged/A1_2026-09-23_17-17-26/A1_2026-09-23_17-17-26_merged_usd.csv: 2 drones x 7805 rows -> 7805 kept
  /home/georg/Desktop/flying_robot_course/experiments/logs/c1_2026-09-23_merged/A1_2026-09-23_17-18-48/A1_2026-09-23_17-18-48_merged_usd.csv: 2 drones x 8052 rows -> 8052 kept
  /home/georg/Desktop/flying_robot_course/experiments/logs/c1_2026-09-23_merged/A1_2026-09-23_17-36-06/A1_2026-09-23_17-36-06_merged_usd.csv: 2 drones x 8055 rows -> 8055 kept
  /home/georg/Desktop/flying_robot_course/experiments/logs/c1_2026-09-23_merged/A1_2026-09-23_17-37-26/A1_2026-09-23_17-37-26_merged_usd.csv: 2 drones x 7983 rows -> 7983 kept
  /home/georg/Desktop/flying_robot_course/experiments/logs/c1_2026-09-28_merged/A1_2026-09-28_17-47-50/A1_2026-09-28_17-47-50_merged_usd.csv: 2 drones x 7983 rows -> 7983 kept
  /home/georg/Desktop/flying_robot_course/experiments/logs/c1_2026-09-28_merged/A2_2026-09-28_17-49-37/A2_2026-09-28_17-49-37_merged_usd.csv: 2 drones x 7856 rows -> 7856 kept
  /home/georg/Desktop/flying_robot_course/experiments/logs/c1_2026-09-28_merged/A2_2026-09-28_17-52-55/A2_2026-09-28_17-52-55_merged_usd.csv: 2 drones x 7857 rows -> 7857 kept
  /home/georg/Desktop/flying_robot_course/experiments/logs/c1_2026-09-21_merged/A3_2026-09-21_13-00-57/A3_2026-09-21_13-00-57_merged_usd.csv: 2 drones x 17691 rows -> 17691 kept
  /home/georg/Desktop/flying_robot_course/experiments/logs/c1_2026-09-21_merged/A3_2026-09-21_13-02-56/A3_2026-09-21_13-02-56_merged_usd.csv: 2 drones x 17897 rows -> 17897 kept
  /home/georg/Desktop/flying_robot_course/experiments/logs/c1_2026-09-21_merged/A3_2026-09-21_13-04-34/A3_2026-09-21_13-04-34_merged_usd.csv: 2 drones x 10502 rows -> 10502 kept
  /home/georg/Desktop/flying_robot_course/experiments/logs/c1_2026-09-23_merged/A3_2026-09-23_17-45-03/A3_2026-09-23_17-45-03_merged_usd.csv: 2 drones x 10969 rows -> 10969 kept
  /home/georg/Desktop/flying_robot_course/experiments/logs/c1_2026-09-23_merged/A3_2026-09-23_17-46-43/A3_2026-09-23_17-46-43_merged_usd.csv: 2 drones x 10503 rows -> 10503 kept
  /home/georg/Desktop/flying_robot_course/experiments/logs/c1_2026-09-23_merged/A3_2026-09-23_17-54-32/A3_2026-09-23_17-54-32_merged_usd.csv: 2 drones x 13131 rows -> 13131 kept
  /home/georg/Desktop/flying_robot_course/experiments/logs/c1_2026-09-23_merged/A3_2026-09-23_17-57-32/A3_2026-09-23_17-57-32_merged_usd.csv: 2 drones x 13564 rows -> 13564 kept
  /home/georg/Desktop/flying_robot_course/experiments/logs/c1_2026-09-28_merged/A4_2026-09-28_17-20-20/A4_2026-09-28_17-20-20_merged_usd.csv: 2 drones x 9873 rows -> 9873 kept
  /home/georg/Desktop/flying_robot_course/experiments/logs/c1_2026-09-28_merged/A4_2026-09-28_17-23-40/A4_2026-09-28_17-23-40_merged_usd.csv: 2 drones x 9416 rows -> 9416 kept
  /home/georg/Desktop/flying_robot_course/experiments/logs/c1_2026-09-28_merged/A4_2026-09-28_17-25-41/A4_2026-09-28_17-25-41_merged_usd.csv: 2 drones x 9895 rows -> 9895 kept
  /home/georg/Desktop/flying_robot_course/experiments/logs/c1_2026-09-28_merged/A4_2026-09-28_17-27-11/A4_2026-09-28_17-27-11_merged_usd.csv: 2 drones x 9893 rows -> 9893 kept
  /home/georg/Desktop/flying_robot_course/experiments/logs/c1_2026-09-23_merged/A7_2026-09-23_19-11-19/A7_2026-09-23_19-11-19_merged_usd.csv: 2 drones x 6418 rows -> 6418 kept
  /home/georg/Desktop/flying_robot_course/experiments/logs/c1_2026-09-23_merged/A7_2026-09-23_19-12-38/A7_2026-09-23_19-12-38_merged_usd.csv: 2 drones x 6398 rows -> 6398 kept
  /home/georg/Desktop/flying_robot_course/experiments/logs/c1_2026-09-23_merged/A7_2026-09-23_19-13-55/A7_2026-09-23_19-13-55_merged_usd.csv: 2 drones x 6398 rows -> 6398 kept
  /home/georg/Desktop/flying_robot_course/experiments/logs/c1_2026-10-01_merged/A5_2026-10-01_17-20-06/A5_2026-10-01_17-20-06_merged_usd.csv: 2 drones x 9293 rows -> 9293 kept
  /home/georg/Desktop/flying_robot_course/experiments/logs/c1_2026-10-01_merged/A5_2026-10-01_17-44-57/A5_2026-10-01_17-44-57_merged_usd.csv: 2 drones x 9294 rows -> 9294 kept
  /home/georg/Desktop/flying_robot_course/experiments/logs/c1_2026-10-01_merged/A6_2026-10-01_17-33-00/A6_2026-10-01_17-33-00_merged_usd.csv: 2 drones x 11406 rows -> 11406 kept
  dropped_zero_a_res: 245686 (row-ticks summed over all ego drones; partner may read 0 a_res)
  no_neighbour_influence: 123193
normalisation (rel)    mu=[ 0.0087 -0.0069  0.4664 -0.0195 -0.0163 -0.0456] sigma=[0.0657 0.0496 0.2285 0.4637 0.3708 0.1506]
normalisation (ground) mu=[-0.7633 -0.0108 -0.0084 -0.0229] sigma=[0.2863 0.3756 0.2901 0.1089]
train 196649 / val 49037 (contiguous blocks, not shuffled samples)
  epoch    0  train 0.39438  val RMSE 0.4306 m/s^2  *
  epoch   20  train 0.09483  val RMSE 0.2858 m/s^2
  epoch   39  train 0.08975  val RMSE 0.2774 m/s^2
best val RMSE 0.2773 m/s^2  (12.0s)
baseline (predict zero) 1.1958 m/s^2  ->  76.8% reduction
fold check: max |trained - exported| = 8.37e-07 m/s^2
wrote /home/georg/Desktop/flying_robot_course/experiments/analysis/out/c2_e2e_2026-10-01/loo_weights/train_without_A5_2026-10-01_17-18-28.npz  (19297 weights)
/home/georg/.local/lib/python3.10/site-packages/torch/cuda/__init__.py:716: UserWarning: Can't initialize NVML
  warnings.warn("Can't initialize NVML")
dataset: 245688 samples from 25 file(s)
  /home/georg/Desktop/flying_robot_course/experiments/logs/c1_2026-09-21_merged/A1_2026-09-21_12-51-16/A1_2026-09-21_12-51-16_merged_usd.csv: 2 drones x 7554 rows -> 7554 kept
  /home/georg/Desktop/flying_robot_course/experiments/logs/c1_2026-09-23_merged/A1_2026-09-23_17-17-26/A1_2026-09-23_17-17-26_merged_usd.csv: 2 drones x 7805 rows -> 7805 kept
  /home/georg/Desktop/flying_robot_course/experiments/logs/c1_2026-09-23_merged/A1_2026-09-23_17-18-48/A1_2026-09-23_17-18-48_merged_usd.csv: 2 drones x 8052 rows -> 8052 kept
  /home/georg/Desktop/flying_robot_course/experiments/logs/c1_2026-09-23_merged/A1_2026-09-23_17-36-06/A1_2026-09-23_17-36-06_merged_usd.csv: 2 drones x 8055 rows -> 8055 kept
  /home/georg/Desktop/flying_robot_course/experiments/logs/c1_2026-09-23_merged/A1_2026-09-23_17-37-26/A1_2026-09-23_17-37-26_merged_usd.csv: 2 drones x 7983 rows -> 7983 kept
  /home/georg/Desktop/flying_robot_course/experiments/logs/c1_2026-09-28_merged/A1_2026-09-28_17-47-50/A1_2026-09-28_17-47-50_merged_usd.csv: 2 drones x 7983 rows -> 7983 kept
  /home/georg/Desktop/flying_robot_course/experiments/logs/c1_2026-09-28_merged/A2_2026-09-28_17-49-37/A2_2026-09-28_17-49-37_merged_usd.csv: 2 drones x 7856 rows -> 7856 kept
  /home/georg/Desktop/flying_robot_course/experiments/logs/c1_2026-09-28_merged/A2_2026-09-28_17-52-55/A2_2026-09-28_17-52-55_merged_usd.csv: 2 drones x 7857 rows -> 7857 kept
  /home/georg/Desktop/flying_robot_course/experiments/logs/c1_2026-09-21_merged/A3_2026-09-21_13-00-57/A3_2026-09-21_13-00-57_merged_usd.csv: 2 drones x 17691 rows -> 17691 kept
  /home/georg/Desktop/flying_robot_course/experiments/logs/c1_2026-09-21_merged/A3_2026-09-21_13-02-56/A3_2026-09-21_13-02-56_merged_usd.csv: 2 drones x 17897 rows -> 17897 kept
  /home/georg/Desktop/flying_robot_course/experiments/logs/c1_2026-09-21_merged/A3_2026-09-21_13-04-34/A3_2026-09-21_13-04-34_merged_usd.csv: 2 drones x 10502 rows -> 10502 kept
  /home/georg/Desktop/flying_robot_course/experiments/logs/c1_2026-09-23_merged/A3_2026-09-23_17-45-03/A3_2026-09-23_17-45-03_merged_usd.csv: 2 drones x 10969 rows -> 10969 kept
  /home/georg/Desktop/flying_robot_course/experiments/logs/c1_2026-09-23_merged/A3_2026-09-23_17-46-43/A3_2026-09-23_17-46-43_merged_usd.csv: 2 drones x 10503 rows -> 10503 kept
  /home/georg/Desktop/flying_robot_course/experiments/logs/c1_2026-09-23_merged/A3_2026-09-23_17-54-32/A3_2026-09-23_17-54-32_merged_usd.csv: 2 drones x 13131 rows -> 13131 kept
  /home/georg/Desktop/flying_robot_course/experiments/logs/c1_2026-09-23_merged/A3_2026-09-23_17-57-32/A3_2026-09-23_17-57-32_merged_usd.csv: 2 drones x 13564 rows -> 13564 kept
  /home/georg/Desktop/flying_robot_course/experiments/logs/c1_2026-09-28_merged/A4_2026-09-28_17-20-20/A4_2026-09-28_17-20-20_merged_usd.csv: 2 drones x 9873 rows -> 9873 kept
  /home/georg/Desktop/flying_robot_course/experiments/logs/c1_2026-09-28_merged/A4_2026-09-28_17-23-40/A4_2026-09-28_17-23-40_merged_usd.csv: 2 drones x 9416 rows -> 9416 kept
  /home/georg/Desktop/flying_robot_course/experiments/logs/c1_2026-09-28_merged/A4_2026-09-28_17-25-41/A4_2026-09-28_17-25-41_merged_usd.csv: 2 drones x 9895 rows -> 9895 kept
  /home/georg/Desktop/flying_robot_course/experiments/logs/c1_2026-09-28_merged/A4_2026-09-28_17-27-11/A4_2026-09-28_17-27-11_merged_usd.csv: 2 drones x 9893 rows -> 9893 kept
  /home/georg/Desktop/flying_robot_course/experiments/logs/c1_2026-09-23_merged/A7_2026-09-23_19-11-19/A7_2026-09-23_19-11-19_merged_usd.csv: 2 drones x 6418 rows -> 6418 kept
  /home/georg/Desktop/flying_robot_course/experiments/logs/c1_2026-09-23_merged/A7_2026-09-23_19-12-38/A7_2026-09-23_19-12-38_merged_usd.csv: 2 drones x 6398 rows -> 6398 kept
  /home/georg/Desktop/flying_robot_course/experiments/logs/c1_2026-09-23_merged/A7_2026-09-23_19-13-55/A7_2026-09-23_19-13-55_merged_usd.csv: 2 drones x 6398 rows -> 6398 kept
  /home/georg/Desktop/flying_robot_course/experiments/logs/c1_2026-10-01_merged/A5_2026-10-01_17-18-28/A5_2026-10-01_17-18-28_merged_usd.csv: 2 drones x 9295 rows -> 9295 kept
  /home/georg/Desktop/flying_robot_course/experiments/logs/c1_2026-10-01_merged/A5_2026-10-01_17-44-57/A5_2026-10-01_17-44-57_merged_usd.csv: 2 drones x 9294 rows -> 9294 kept
  /home/georg/Desktop/flying_robot_course/experiments/logs/c1_2026-10-01_merged/A6_2026-10-01_17-33-00/A6_2026-10-01_17-33-00_merged_usd.csv: 2 drones x 11406 rows -> 11406 kept
  dropped_zero_a_res: 245688 (row-ticks summed over all ego drones; partner may read 0 a_res)
  no_neighbour_influence: 123129
normalisation (rel)    mu=[ 0.0087 -0.007   0.4663 -0.0203 -0.0162 -0.0456] sigma=[0.0656 0.0496 0.2284 0.4635 0.371  0.1503]
normalisation (ground) mu=[-0.7633 -0.0109 -0.0085 -0.023 ] sigma=[0.2863 0.3757 0.2908 0.1088]
train 196643 / val 49045 (contiguous blocks, not shuffled samples)
  epoch    0  train 0.39358  val RMSE 0.4320 m/s^2  *
  epoch   20  train 0.09396  val RMSE 0.2834 m/s^2
  epoch   39  train 0.08901  val RMSE 0.2800 m/s^2
best val RMSE 0.2787 m/s^2  (12.1s)
baseline (predict zero) 1.1965 m/s^2  ->  76.7% reduction
fold check: max |trained - exported| = 1.51e-06 m/s^2
wrote /home/georg/Desktop/flying_robot_course/experiments/analysis/out/c2_e2e_2026-10-01/loo_weights/train_without_A5_2026-10-01_17-20-06.npz  (19297 weights)
/home/georg/.local/lib/python3.10/site-packages/torch/cuda/__init__.py:716: UserWarning: Can't initialize NVML
  warnings.warn("Can't initialize NVML")
dataset: 245687 samples from 25 file(s)
  /home/georg/Desktop/flying_robot_course/experiments/logs/c1_2026-09-21_merged/A1_2026-09-21_12-51-16/A1_2026-09-21_12-51-16_merged_usd.csv: 2 drones x 7554 rows -> 7554 kept
  /home/georg/Desktop/flying_robot_course/experiments/logs/c1_2026-09-23_merged/A1_2026-09-23_17-17-26/A1_2026-09-23_17-17-26_merged_usd.csv: 2 drones x 7805 rows -> 7805 kept
  /home/georg/Desktop/flying_robot_course/experiments/logs/c1_2026-09-23_merged/A1_2026-09-23_17-18-48/A1_2026-09-23_17-18-48_merged_usd.csv: 2 drones x 8052 rows -> 8052 kept
  /home/georg/Desktop/flying_robot_course/experiments/logs/c1_2026-09-23_merged/A1_2026-09-23_17-36-06/A1_2026-09-23_17-36-06_merged_usd.csv: 2 drones x 8055 rows -> 8055 kept
  /home/georg/Desktop/flying_robot_course/experiments/logs/c1_2026-09-23_merged/A1_2026-09-23_17-37-26/A1_2026-09-23_17-37-26_merged_usd.csv: 2 drones x 7983 rows -> 7983 kept
  /home/georg/Desktop/flying_robot_course/experiments/logs/c1_2026-09-28_merged/A1_2026-09-28_17-47-50/A1_2026-09-28_17-47-50_merged_usd.csv: 2 drones x 7983 rows -> 7983 kept
  /home/georg/Desktop/flying_robot_course/experiments/logs/c1_2026-09-28_merged/A2_2026-09-28_17-49-37/A2_2026-09-28_17-49-37_merged_usd.csv: 2 drones x 7856 rows -> 7856 kept
  /home/georg/Desktop/flying_robot_course/experiments/logs/c1_2026-09-28_merged/A2_2026-09-28_17-52-55/A2_2026-09-28_17-52-55_merged_usd.csv: 2 drones x 7857 rows -> 7857 kept
  /home/georg/Desktop/flying_robot_course/experiments/logs/c1_2026-09-21_merged/A3_2026-09-21_13-00-57/A3_2026-09-21_13-00-57_merged_usd.csv: 2 drones x 17691 rows -> 17691 kept
  /home/georg/Desktop/flying_robot_course/experiments/logs/c1_2026-09-21_merged/A3_2026-09-21_13-02-56/A3_2026-09-21_13-02-56_merged_usd.csv: 2 drones x 17897 rows -> 17897 kept
  /home/georg/Desktop/flying_robot_course/experiments/logs/c1_2026-09-21_merged/A3_2026-09-21_13-04-34/A3_2026-09-21_13-04-34_merged_usd.csv: 2 drones x 10502 rows -> 10502 kept
  /home/georg/Desktop/flying_robot_course/experiments/logs/c1_2026-09-23_merged/A3_2026-09-23_17-45-03/A3_2026-09-23_17-45-03_merged_usd.csv: 2 drones x 10969 rows -> 10969 kept
  /home/georg/Desktop/flying_robot_course/experiments/logs/c1_2026-09-23_merged/A3_2026-09-23_17-46-43/A3_2026-09-23_17-46-43_merged_usd.csv: 2 drones x 10503 rows -> 10503 kept
  /home/georg/Desktop/flying_robot_course/experiments/logs/c1_2026-09-23_merged/A3_2026-09-23_17-54-32/A3_2026-09-23_17-54-32_merged_usd.csv: 2 drones x 13131 rows -> 13131 kept
  /home/georg/Desktop/flying_robot_course/experiments/logs/c1_2026-09-23_merged/A3_2026-09-23_17-57-32/A3_2026-09-23_17-57-32_merged_usd.csv: 2 drones x 13564 rows -> 13564 kept
  /home/georg/Desktop/flying_robot_course/experiments/logs/c1_2026-09-28_merged/A4_2026-09-28_17-20-20/A4_2026-09-28_17-20-20_merged_usd.csv: 2 drones x 9873 rows -> 9873 kept
  /home/georg/Desktop/flying_robot_course/experiments/logs/c1_2026-09-28_merged/A4_2026-09-28_17-23-40/A4_2026-09-28_17-23-40_merged_usd.csv: 2 drones x 9416 rows -> 9416 kept
  /home/georg/Desktop/flying_robot_course/experiments/logs/c1_2026-09-28_merged/A4_2026-09-28_17-25-41/A4_2026-09-28_17-25-41_merged_usd.csv: 2 drones x 9895 rows -> 9895 kept
  /home/georg/Desktop/flying_robot_course/experiments/logs/c1_2026-09-28_merged/A4_2026-09-28_17-27-11/A4_2026-09-28_17-27-11_merged_usd.csv: 2 drones x 9893 rows -> 9893 kept
  /home/georg/Desktop/flying_robot_course/experiments/logs/c1_2026-09-23_merged/A7_2026-09-23_19-11-19/A7_2026-09-23_19-11-19_merged_usd.csv: 2 drones x 6418 rows -> 6418 kept
  /home/georg/Desktop/flying_robot_course/experiments/logs/c1_2026-09-23_merged/A7_2026-09-23_19-12-38/A7_2026-09-23_19-12-38_merged_usd.csv: 2 drones x 6398 rows -> 6398 kept
  /home/georg/Desktop/flying_robot_course/experiments/logs/c1_2026-09-23_merged/A7_2026-09-23_19-13-55/A7_2026-09-23_19-13-55_merged_usd.csv: 2 drones x 6398 rows -> 6398 kept
  /home/georg/Desktop/flying_robot_course/experiments/logs/c1_2026-10-01_merged/A5_2026-10-01_17-18-28/A5_2026-10-01_17-18-28_merged_usd.csv: 2 drones x 9295 rows -> 9295 kept
  /home/georg/Desktop/flying_robot_course/experiments/logs/c1_2026-10-01_merged/A5_2026-10-01_17-20-06/A5_2026-10-01_17-20-06_merged_usd.csv: 2 drones x 9293 rows -> 9293 kept
  /home/georg/Desktop/flying_robot_course/experiments/logs/c1_2026-10-01_merged/A6_2026-10-01_17-33-00/A6_2026-10-01_17-33-00_merged_usd.csv: 2 drones x 11406 rows -> 11406 kept
  dropped_zero_a_res: 245687 (row-ticks summed over all ego drones; partner may read 0 a_res)
  no_neighbour_influence: 123163
normalisation (rel)    mu=[ 0.0087 -0.0071  0.4663 -0.0219 -0.0164 -0.0459] sigma=[0.0655 0.0497 0.2284 0.4628 0.3719 0.1503]
normalisation (ground) mu=[-0.7633 -0.012  -0.0083 -0.023 ] sigma=[0.2863 0.375  0.2909 0.1088]
train 196652 / val 49035 (contiguous blocks, not shuffled samples)
  epoch    0  train 0.39368  val RMSE 0.4300 m/s^2  *
  epoch   20  train 0.09291  val RMSE 0.2830 m/s^2
  epoch   39  train 0.08802  val RMSE 0.2759 m/s^2
best val RMSE 0.2753 m/s^2  (11.9s)
baseline (predict zero) 1.1999 m/s^2  ->  77.1% reduction
fold check: max |trained - exported| = 8.85e-07 m/s^2
wrote /home/georg/Desktop/flying_robot_course/experiments/analysis/out/c2_e2e_2026-10-01/loo_weights/train_without_A5_2026-10-01_17-44-57.npz  (19297 weights)
/home/georg/.local/lib/python3.10/site-packages/torch/cuda/__init__.py:716: UserWarning: Can't initialize NVML
  warnings.warn("Can't initialize NVML")
dataset: 243575 samples from 25 file(s)
  /home/georg/Desktop/flying_robot_course/experiments/logs/c1_2026-09-21_merged/A1_2026-09-21_12-51-16/A1_2026-09-21_12-51-16_merged_usd.csv: 2 drones x 7554 rows -> 7554 kept
  /home/georg/Desktop/flying_robot_course/experiments/logs/c1_2026-09-23_merged/A1_2026-09-23_17-17-26/A1_2026-09-23_17-17-26_merged_usd.csv: 2 drones x 7805 rows -> 7805 kept
  /home/georg/Desktop/flying_robot_course/experiments/logs/c1_2026-09-23_merged/A1_2026-09-23_17-18-48/A1_2026-09-23_17-18-48_merged_usd.csv: 2 drones x 8052 rows -> 8052 kept
  /home/georg/Desktop/flying_robot_course/experiments/logs/c1_2026-09-23_merged/A1_2026-09-23_17-36-06/A1_2026-09-23_17-36-06_merged_usd.csv: 2 drones x 8055 rows -> 8055 kept
  /home/georg/Desktop/flying_robot_course/experiments/logs/c1_2026-09-23_merged/A1_2026-09-23_17-37-26/A1_2026-09-23_17-37-26_merged_usd.csv: 2 drones x 7983 rows -> 7983 kept
  /home/georg/Desktop/flying_robot_course/experiments/logs/c1_2026-09-28_merged/A1_2026-09-28_17-47-50/A1_2026-09-28_17-47-50_merged_usd.csv: 2 drones x 7983 rows -> 7983 kept
  /home/georg/Desktop/flying_robot_course/experiments/logs/c1_2026-09-28_merged/A2_2026-09-28_17-49-37/A2_2026-09-28_17-49-37_merged_usd.csv: 2 drones x 7856 rows -> 7856 kept
  /home/georg/Desktop/flying_robot_course/experiments/logs/c1_2026-09-28_merged/A2_2026-09-28_17-52-55/A2_2026-09-28_17-52-55_merged_usd.csv: 2 drones x 7857 rows -> 7857 kept
  /home/georg/Desktop/flying_robot_course/experiments/logs/c1_2026-09-21_merged/A3_2026-09-21_13-00-57/A3_2026-09-21_13-00-57_merged_usd.csv: 2 drones x 17691 rows -> 17691 kept
  /home/georg/Desktop/flying_robot_course/experiments/logs/c1_2026-09-21_merged/A3_2026-09-21_13-02-56/A3_2026-09-21_13-02-56_merged_usd.csv: 2 drones x 17897 rows -> 17897 kept
  /home/georg/Desktop/flying_robot_course/experiments/logs/c1_2026-09-21_merged/A3_2026-09-21_13-04-34/A3_2026-09-21_13-04-34_merged_usd.csv: 2 drones x 10502 rows -> 10502 kept
  /home/georg/Desktop/flying_robot_course/experiments/logs/c1_2026-09-23_merged/A3_2026-09-23_17-45-03/A3_2026-09-23_17-45-03_merged_usd.csv: 2 drones x 10969 rows -> 10969 kept
  /home/georg/Desktop/flying_robot_course/experiments/logs/c1_2026-09-23_merged/A3_2026-09-23_17-46-43/A3_2026-09-23_17-46-43_merged_usd.csv: 2 drones x 10503 rows -> 10503 kept
  /home/georg/Desktop/flying_robot_course/experiments/logs/c1_2026-09-23_merged/A3_2026-09-23_17-54-32/A3_2026-09-23_17-54-32_merged_usd.csv: 2 drones x 13131 rows -> 13131 kept
  /home/georg/Desktop/flying_robot_course/experiments/logs/c1_2026-09-23_merged/A3_2026-09-23_17-57-32/A3_2026-09-23_17-57-32_merged_usd.csv: 2 drones x 13564 rows -> 13564 kept
  /home/georg/Desktop/flying_robot_course/experiments/logs/c1_2026-09-28_merged/A4_2026-09-28_17-20-20/A4_2026-09-28_17-20-20_merged_usd.csv: 2 drones x 9873 rows -> 9873 kept
  /home/georg/Desktop/flying_robot_course/experiments/logs/c1_2026-09-28_merged/A4_2026-09-28_17-23-40/A4_2026-09-28_17-23-40_merged_usd.csv: 2 drones x 9416 rows -> 9416 kept
  /home/georg/Desktop/flying_robot_course/experiments/logs/c1_2026-09-28_merged/A4_2026-09-28_17-25-41/A4_2026-09-28_17-25-41_merged_usd.csv: 2 drones x 9895 rows -> 9895 kept
  /home/georg/Desktop/flying_robot_course/experiments/logs/c1_2026-09-28_merged/A4_2026-09-28_17-27-11/A4_2026-09-28_17-27-11_merged_usd.csv: 2 drones x 9893 rows -> 9893 kept
  /home/georg/Desktop/flying_robot_course/experiments/logs/c1_2026-09-23_merged/A7_2026-09-23_19-11-19/A7_2026-09-23_19-11-19_merged_usd.csv: 2 drones x 6418 rows -> 6418 kept
  /home/georg/Desktop/flying_robot_course/experiments/logs/c1_2026-09-23_merged/A7_2026-09-23_19-12-38/A7_2026-09-23_19-12-38_merged_usd.csv: 2 drones x 6398 rows -> 6398 kept
  /home/georg/Desktop/flying_robot_course/experiments/logs/c1_2026-09-23_merged/A7_2026-09-23_19-13-55/A7_2026-09-23_19-13-55_merged_usd.csv: 2 drones x 6398 rows -> 6398 kept
  /home/georg/Desktop/flying_robot_course/experiments/logs/c1_2026-10-01_merged/A5_2026-10-01_17-18-28/A5_2026-10-01_17-18-28_merged_usd.csv: 2 drones x 9295 rows -> 9295 kept
  /home/georg/Desktop/flying_robot_course/experiments/logs/c1_2026-10-01_merged/A5_2026-10-01_17-20-06/A5_2026-10-01_17-20-06_merged_usd.csv: 2 drones x 9293 rows -> 9293 kept
  /home/georg/Desktop/flying_robot_course/experiments/logs/c1_2026-10-01_merged/A5_2026-10-01_17-44-57/A5_2026-10-01_17-44-57_merged_usd.csv: 2 drones x 9294 rows -> 9294 kept
  dropped_zero_a_res: 243575 (row-ticks summed over all ego drones; partner may read 0 a_res)
  no_neighbour_influence: 120548
normalisation (rel)    mu=[ 0.0088 -0.0072  0.4738 -0.0206 -0.0163 -0.0444] sigma=[0.0641 0.0511 0.223  0.462  0.3747 0.1487]
normalisation (ground) mu=[-0.7658 -0.0108 -0.0085 -0.0229] sigma=[0.2862 0.3795 0.2951 0.1083]
train 195063 / val 48512 (contiguous blocks, not shuffled samples)
  epoch    0  train 0.39145  val RMSE 0.3968 m/s^2  *
  epoch   20  train 0.09155  val RMSE 0.2944 m/s^2
  epoch   39  train 0.08706  val RMSE 0.2908 m/s^2
best val RMSE 0.2897 m/s^2  (11.9s)
baseline (predict zero) 1.1945 m/s^2  ->  75.7% reduction
fold check: max |trained - exported| = 7.36e-07 m/s^2
wrote /home/georg/Desktop/flying_robot_course/experiments/analysis/out/c2_e2e_2026-10-01/loo_weights/train_without_A6_2026-10-01_17-33-00.npz  (19297 weights)
dataset: 254981 samples from 26 file(s)
  /home/georg/Desktop/flying_robot_course/experiments/logs/c1_2026-09-21_merged/A1_2026-09-21_12-51-16/A1_2026-09-21_12-51-16_merged_usd.csv: 2 drones x 7554 rows -> 7554 kept
  /home/georg/Desktop/flying_robot_course/experiments/logs/c1_2026-09-23_merged/A1_2026-09-23_17-17-26/A1_2026-09-23_17-17-26_merged_usd.csv: 2 drones x 7805 rows -> 7805 kept
  /home/georg/Desktop/flying_robot_course/experiments/logs/c1_2026-09-23_merged/A1_2026-09-23_17-18-48/A1_2026-09-23_17-18-48_merged_usd.csv: 2 drones x 8052 rows -> 8052 kept
  /home/georg/Desktop/flying_robot_course/experiments/logs/c1_2026-09-23_merged/A1_2026-09-23_17-36-06/A1_2026-09-23_17-36-06_merged_usd.csv: 2 drones x 8055 rows -> 8055 kept
  /home/georg/Desktop/flying_robot_course/experiments/logs/c1_2026-09-23_merged/A1_2026-09-23_17-37-26/A1_2026-09-23_17-37-26_merged_usd.csv: 2 drones x 7983 rows -> 7983 kept
  /home/georg/Desktop/flying_robot_course/experiments/logs/c1_2026-09-28_merged/A1_2026-09-28_17-47-50/A1_2026-09-28_17-47-50_merged_usd.csv: 2 drones x 7983 rows -> 7983 kept
  /home/georg/Desktop/flying_robot_course/experiments/logs/c1_2026-09-28_merged/A2_2026-09-28_17-49-37/A2_2026-09-28_17-49-37_merged_usd.csv: 2 drones x 7856 rows -> 7856 kept
  /home/georg/Desktop/flying_robot_course/experiments/logs/c1_2026-09-28_merged/A2_2026-09-28_17-52-55/A2_2026-09-28_17-52-55_merged_usd.csv: 2 drones x 7857 rows -> 7857 kept
  /home/georg/Desktop/flying_robot_course/experiments/logs/c1_2026-09-21_merged/A3_2026-09-21_13-00-57/A3_2026-09-21_13-00-57_merged_usd.csv: 2 drones x 17691 rows -> 17691 kept
  /home/georg/Desktop/flying_robot_course/experiments/logs/c1_2026-09-21_merged/A3_2026-09-21_13-02-56/A3_2026-09-21_13-02-56_merged_usd.csv: 2 drones x 17897 rows -> 17897 kept
  /home/georg/Desktop/flying_robot_course/experiments/logs/c1_2026-09-21_merged/A3_2026-09-21_13-04-34/A3_2026-09-21_13-04-34_merged_usd.csv: 2 drones x 10502 rows -> 10502 kept
  /home/georg/Desktop/flying_robot_course/experiments/logs/c1_2026-09-23_merged/A3_2026-09-23_17-45-03/A3_2026-09-23_17-45-03_merged_usd.csv: 2 drones x 10969 rows -> 10969 kept
  /home/georg/Desktop/flying_robot_course/experiments/logs/c1_2026-09-23_merged/A3_2026-09-23_17-46-43/A3_2026-09-23_17-46-43_merged_usd.csv: 2 drones x 10503 rows -> 10503 kept
  /home/georg/Desktop/flying_robot_course/experiments/logs/c1_2026-09-23_merged/A3_2026-09-23_17-54-32/A3_2026-09-23_17-54-32_merged_usd.csv: 2 drones x 13131 rows -> 13131 kept
  /home/georg/Desktop/flying_robot_course/experiments/logs/c1_2026-09-23_merged/A3_2026-09-23_17-57-32/A3_2026-09-23_17-57-32_merged_usd.csv: 2 drones x 13564 rows -> 13564 kept
  /home/georg/Desktop/flying_robot_course/experiments/logs/c1_2026-09-28_merged/A4_2026-09-28_17-20-20/A4_2026-09-28_17-20-20_merged_usd.csv: 2 drones x 9873 rows -> 9873 kept
  /home/georg/Desktop/flying_robot_course/experiments/logs/c1_2026-09-28_merged/A4_2026-09-28_17-23-40/A4_2026-09-28_17-23-40_merged_usd.csv: 2 drones x 9416 rows -> 9416 kept
  /home/georg/Desktop/flying_robot_course/experiments/logs/c1_2026-09-28_merged/A4_2026-09-28_17-25-41/A4_2026-09-28_17-25-41_merged_usd.csv: 2 drones x 9895 rows -> 9895 kept
  /home/georg/Desktop/flying_robot_course/experiments/logs/c1_2026-09-28_merged/A4_2026-09-28_17-27-11/A4_2026-09-28_17-27-11_merged_usd.csv: 2 drones x 9893 rows -> 9893 kept
  /home/georg/Desktop/flying_robot_course/experiments/logs/c1_2026-09-23_merged/A7_2026-09-23_19-11-19/A7_2026-09-23_19-11-19_merged_usd.csv: 2 drones x 6418 rows -> 6418 kept
  /home/georg/Desktop/flying_robot_course/experiments/logs/c1_2026-09-23_merged/A7_2026-09-23_19-12-38/A7_2026-09-23_19-12-38_merged_usd.csv: 2 drones x 6398 rows -> 6398 kept
  /home/georg/Desktop/flying_robot_course/experiments/logs/c1_2026-09-23_merged/A7_2026-09-23_19-13-55/A7_2026-09-23_19-13-55_merged_usd.csv: 2 drones x 6398 rows -> 6398 kept
  /home/georg/Desktop/flying_robot_course/experiments/logs/c1_2026-10-01_merged/A5_2026-10-01_17-18-28/A5_2026-10-01_17-18-28_merged_usd.csv: 2 drones x 9295 rows -> 9295 kept
  /home/georg/Desktop/flying_robot_course/experiments/logs/c1_2026-10-01_merged/A5_2026-10-01_17-20-06/A5_2026-10-01_17-20-06_merged_usd.csv: 2 drones x 9293 rows -> 9293 kept
  /home/georg/Desktop/flying_robot_course/experiments/logs/c1_2026-10-01_merged/A5_2026-10-01_17-44-57/A5_2026-10-01_17-44-57_merged_usd.csv: 2 drones x 9294 rows -> 9294 kept
  /home/georg/Desktop/flying_robot_course/experiments/logs/c1_2026-10-01_merged/A6_2026-10-01_17-33-00/A6_2026-10-01_17-33-00_merged_usd.csv: 2 drones x 11406 rows -> 11406 kept
  dropped_zero_a_res: 254981 (row-ticks summed over all ego drones; partner may read 0 a_res)
  no_neighbour_influence: 129544
dataset: 7554 samples from 1 file(s)
  /home/georg/Desktop/flying_robot_course/experiments/logs/c1_2026-09-21_merged/A1_2026-09-21_12-51-16/A1_2026-09-21_12-51-16_merged_usd.csv: 2 drones x 7554 rows -> 7554 kept
  dropped_zero_a_res: 7554 (row-ticks summed over all ego drones; partner may read 0 a_res)
dataset: 7805 samples from 1 file(s)
  /home/georg/Desktop/flying_robot_course/experiments/logs/c1_2026-09-23_merged/A1_2026-09-23_17-17-26/A1_2026-09-23_17-17-26_merged_usd.csv: 2 drones x 7805 rows -> 7805 kept
  dropped_zero_a_res: 7805 (row-ticks summed over all ego drones; partner may read 0 a_res)
dataset: 8052 samples from 1 file(s)
  /home/georg/Desktop/flying_robot_course/experiments/logs/c1_2026-09-23_merged/A1_2026-09-23_17-18-48/A1_2026-09-23_17-18-48_merged_usd.csv: 2 drones x 8052 rows -> 8052 kept
  dropped_zero_a_res: 8052 (row-ticks summed over all ego drones; partner may read 0 a_res)
dataset: 8055 samples from 1 file(s)
  /home/georg/Desktop/flying_robot_course/experiments/logs/c1_2026-09-23_merged/A1_2026-09-23_17-36-06/A1_2026-09-23_17-36-06_merged_usd.csv: 2 drones x 8055 rows -> 8055 kept
  dropped_zero_a_res: 8055 (row-ticks summed over all ego drones; partner may read 0 a_res)
dataset: 7983 samples from 1 file(s)
  /home/georg/Desktop/flying_robot_course/experiments/logs/c1_2026-09-23_merged/A1_2026-09-23_17-37-26/A1_2026-09-23_17-37-26_merged_usd.csv: 2 drones x 7983 rows -> 7983 kept
  dropped_zero_a_res: 7983 (row-ticks summed over all ego drones; partner may read 0 a_res)
dataset: 7983 samples from 1 file(s)
  /home/georg/Desktop/flying_robot_course/experiments/logs/c1_2026-09-28_merged/A1_2026-09-28_17-47-50/A1_2026-09-28_17-47-50_merged_usd.csv: 2 drones x 7983 rows -> 7983 kept
  dropped_zero_a_res: 7983 (row-ticks summed over all ego drones; partner may read 0 a_res)
dataset: 7856 samples from 1 file(s)
  /home/georg/Desktop/flying_robot_course/experiments/logs/c1_2026-09-28_merged/A2_2026-09-28_17-49-37/A2_2026-09-28_17-49-37_merged_usd.csv: 2 drones x 7856 rows -> 7856 kept
  dropped_zero_a_res: 7856 (row-ticks summed over all ego drones; partner may read 0 a_res)
dataset: 7857 samples from 1 file(s)
  /home/georg/Desktop/flying_robot_course/experiments/logs/c1_2026-09-28_merged/A2_2026-09-28_17-52-55/A2_2026-09-28_17-52-55_merged_usd.csv: 2 drones x 7857 rows -> 7857 kept
  dropped_zero_a_res: 7857 (row-ticks summed over all ego drones; partner may read 0 a_res)
dataset: 17691 samples from 1 file(s)
  /home/georg/Desktop/flying_robot_course/experiments/logs/c1_2026-09-21_merged/A3_2026-09-21_13-00-57/A3_2026-09-21_13-00-57_merged_usd.csv: 2 drones x 17691 rows -> 17691 kept
  dropped_zero_a_res: 17691 (row-ticks summed over all ego drones; partner may read 0 a_res)
  no_neighbour_influence: 14959
dataset: 17897 samples from 1 file(s)
  /home/georg/Desktop/flying_robot_course/experiments/logs/c1_2026-09-21_merged/A3_2026-09-21_13-02-56/A3_2026-09-21_13-02-56_merged_usd.csv: 2 drones x 17897 rows -> 17897 kept
  dropped_zero_a_res: 17897 (row-ticks summed over all ego drones; partner may read 0 a_res)
  no_neighbour_influence: 15205
dataset: 10502 samples from 1 file(s)
  /home/georg/Desktop/flying_robot_course/experiments/logs/c1_2026-09-21_merged/A3_2026-09-21_13-04-34/A3_2026-09-21_13-04-34_merged_usd.csv: 2 drones x 10502 rows -> 10502 kept
  dropped_zero_a_res: 10502 (row-ticks summed over all ego drones; partner may read 0 a_res)
  no_neighbour_influence: 8431
dataset: 10969 samples from 1 file(s)
  /home/georg/Desktop/flying_robot_course/experiments/logs/c1_2026-09-23_merged/A3_2026-09-23_17-45-03/A3_2026-09-23_17-45-03_merged_usd.csv: 2 drones x 10969 rows -> 10969 kept
  dropped_zero_a_res: 10969 (row-ticks summed over all ego drones; partner may read 0 a_res)
  no_neighbour_influence: 8923
dataset: 10503 samples from 1 file(s)
  /home/georg/Desktop/flying_robot_course/experiments/logs/c1_2026-09-23_merged/A3_2026-09-23_17-46-43/A3_2026-09-23_17-46-43_merged_usd.csv: 2 drones x 10503 rows -> 10503 kept
  dropped_zero_a_res: 10503 (row-ticks summed over all ego drones; partner may read 0 a_res)
  no_neighbour_influence: 8492
dataset: 13131 samples from 1 file(s)
  /home/georg/Desktop/flying_robot_course/experiments/logs/c1_2026-09-23_merged/A3_2026-09-23_17-54-32/A3_2026-09-23_17-54-32_merged_usd.csv: 2 drones x 13131 rows -> 13131 kept
  dropped_zero_a_res: 13131 (row-ticks summed over all ego drones; partner may read 0 a_res)
  no_neighbour_influence: 10756
dataset: 13564 samples from 1 file(s)
  /home/georg/Desktop/flying_robot_course/experiments/logs/c1_2026-09-23_merged/A3_2026-09-23_17-57-32/A3_2026-09-23_17-57-32_merged_usd.csv: 2 drones x 13564 rows -> 13564 kept
  dropped_zero_a_res: 13564 (row-ticks summed over all ego drones; partner may read 0 a_res)
  no_neighbour_influence: 11195
dataset: 9873 samples from 1 file(s)
  /home/georg/Desktop/flying_robot_course/experiments/logs/c1_2026-09-28_merged/A4_2026-09-28_17-20-20/A4_2026-09-28_17-20-20_merged_usd.csv: 2 drones x 9873 rows -> 9873 kept
  dropped_zero_a_res: 9873 (row-ticks summed over all ego drones; partner may read 0 a_res)
  no_neighbour_influence: 5798
dataset: 9416 samples from 1 file(s)
  /home/georg/Desktop/flying_robot_course/experiments/logs/c1_2026-09-28_merged/A4_2026-09-28_17-23-40/A4_2026-09-28_17-23-40_merged_usd.csv: 2 drones x 9416 rows -> 9416 kept
  dropped_zero_a_res: 9416 (row-ticks summed over all ego drones; partner may read 0 a_res)
  no_neighbour_influence: 5937
dataset: 9895 samples from 1 file(s)
  /home/georg/Desktop/flying_robot_course/experiments/logs/c1_2026-09-28_merged/A4_2026-09-28_17-25-41/A4_2026-09-28_17-25-41_merged_usd.csv: 2 drones x 9895 rows -> 9895 kept
  dropped_zero_a_res: 9895 (row-ticks summed over all ego drones; partner may read 0 a_res)
  no_neighbour_influence: 5896
dataset: 9893 samples from 1 file(s)
  /home/georg/Desktop/flying_robot_course/experiments/logs/c1_2026-09-28_merged/A4_2026-09-28_17-27-11/A4_2026-09-28_17-27-11_merged_usd.csv: 2 drones x 9893 rows -> 9893 kept
  dropped_zero_a_res: 9893 (row-ticks summed over all ego drones; partner may read 0 a_res)
  no_neighbour_influence: 5809
dataset: 6418 samples from 1 file(s)
  /home/georg/Desktop/flying_robot_course/experiments/logs/c1_2026-09-23_merged/A7_2026-09-23_19-11-19/A7_2026-09-23_19-11-19_merged_usd.csv: 2 drones x 6418 rows -> 6418 kept
  dropped_zero_a_res: 6418 (row-ticks summed over all ego drones; partner may read 0 a_res)
dataset: 6398 samples from 1 file(s)
  /home/georg/Desktop/flying_robot_course/experiments/logs/c1_2026-09-23_merged/A7_2026-09-23_19-12-38/A7_2026-09-23_19-12-38_merged_usd.csv: 2 drones x 6398 rows -> 6398 kept
  dropped_zero_a_res: 6398 (row-ticks summed over all ego drones; partner may read 0 a_res)
dataset: 6398 samples from 1 file(s)
  /home/georg/Desktop/flying_robot_course/experiments/logs/c1_2026-09-23_merged/A7_2026-09-23_19-13-55/A7_2026-09-23_19-13-55_merged_usd.csv: 2 drones x 6398 rows -> 6398 kept
  dropped_zero_a_res: 6398 (row-ticks summed over all ego drones; partner may read 0 a_res)
dataset: 9295 samples from 1 file(s)
  /home/georg/Desktop/flying_robot_course/experiments/logs/c1_2026-10-01_merged/A5_2026-10-01_17-18-28/A5_2026-10-01_17-18-28_merged_usd.csv: 2 drones x 9295 rows -> 9295 kept
  dropped_zero_a_res: 9295 (row-ticks summed over all ego drones; partner may read 0 a_res)
  no_neighbour_influence: 6351
dataset: 9293 samples from 1 file(s)
  /home/georg/Desktop/flying_robot_course/experiments/logs/c1_2026-10-01_merged/A5_2026-10-01_17-20-06/A5_2026-10-01_17-20-06_merged_usd.csv: 2 drones x 9293 rows -> 9293 kept
  dropped_zero_a_res: 9293 (row-ticks summed over all ego drones; partner may read 0 a_res)
  no_neighbour_influence: 6415
dataset: 9294 samples from 1 file(s)
  /home/georg/Desktop/flying_robot_course/experiments/logs/c1_2026-10-01_merged/A5_2026-10-01_17-44-57/A5_2026-10-01_17-44-57_merged_usd.csv: 2 drones x 9294 rows -> 9294 kept
  dropped_zero_a_res: 9294 (row-ticks summed over all ego drones; partner may read 0 a_res)
  no_neighbour_influence: 6381
dataset: 11406 samples from 1 file(s)
  /home/georg/Desktop/flying_robot_course/experiments/logs/c1_2026-10-01_merged/A6_2026-10-01_17-33-00/A6_2026-10-01_17-33-00_merged_usd.csv: 2 drones x 11406 rows -> 11406 kept
  dropped_zero_a_res: 11406 (row-ticks summed over all ego drones; partner may read 0 a_res)
  no_neighbour_influence: 8996
combined RMSE 0.2341 m/s²  R² 0.9439
val-block RMSE 0.2524 m/s²
wrote /home/georg/Desktop/flying_robot_course/experiments/analysis/out/c2_e2e_2026-10-01/eval_model/eval_metrics.json and eval_report.md
Stage A: 26 usable / 26 paths
wrote /home/georg/Desktop/flying_robot_course/experiments/analysis/out/c2_e2e_2026-10-01/full_bank_c1_complete.npz
LOO A1_2026-09-21_12-51-16: R²=0.471 RMSE=0.5983 pct_vs_zero=66.6%
LOO A1_2026-09-23_17-17-26: R²=0.777 RMSE=0.4491 pct_vs_zero=74.9%
LOO A1_2026-09-23_17-18-48: R²=0.784 RMSE=0.3765 pct_vs_zero=79.4%
LOO A1_2026-09-23_17-36-06: R²=0.782 RMSE=0.3712 pct_vs_zero=82.2%
LOO A1_2026-09-23_17-37-26: R²=0.800 RMSE=0.3687 pct_vs_zero=81.8%
LOO A1_2026-09-28_17-47-50: R²=0.288 RMSE=0.5600 pct_vs_zero=59.9%
LOO A2_2026-09-28_17-49-37: R²=0.488 RMSE=0.6990 pct_vs_zero=66.6%
LOO A2_2026-09-28_17-52-55: R²=0.570 RMSE=0.6188 pct_vs_zero=70.8%
LOO A3_2026-09-21_13-00-57: R²=0.939 RMSE=0.1806 pct_vs_zero=76.6%
LOO A3_2026-09-21_13-02-56: R²=0.932 RMSE=0.1885 pct_vs_zero=75.1%
LOO A3_2026-09-21_13-04-34: R²=0.881 RMSE=0.2432 pct_vs_zero=67.1%
LOO A3_2026-09-23_17-45-03: R²=0.929 RMSE=0.1615 pct_vs_zero=75.5%
LOO A3_2026-09-23_17-46-43: R²=0.929 RMSE=0.1606 pct_vs_zero=75.6%
LOO A3_2026-09-23_17-54-32: R²=0.959 RMSE=0.1512 pct_vs_zero=81.4%
LOO A3_2026-09-23_17-57-32: R²=0.959 RMSE=0.1417 pct_vs_zero=81.5%
LOO A4_2026-09-28_17-20-20: R²=0.934 RMSE=0.2127 pct_vs_zero=80.4%
LOO A4_2026-09-28_17-23-40: R²=0.900 RMSE=0.2575 pct_vs_zero=75.4%
LOO A4_2026-09-28_17-25-41: R²=0.831 RMSE=0.2341 pct_vs_zero=68.6%
LOO A4_2026-09-28_17-27-11: R²=0.887 RMSE=0.2826 pct_vs_zero=74.5%
LOO A7_2026-09-23_19-11-19: R²=0.577 RMSE=0.5040 pct_vs_zero=68.2%
LOO A7_2026-09-23_19-12-38: R²=0.609 RMSE=0.4283 pct_vs_zero=72.6%
LOO A7_2026-09-23_19-13-55: R²=0.564 RMSE=0.4875 pct_vs_zero=71.4%
LOO A5_2026-10-01_17-18-28: R²=0.931 RMSE=0.2399 pct_vs_zero=78.9%
LOO A5_2026-10-01_17-20-06: R²=0.931 RMSE=0.2522 pct_vs_zero=78.5%
LOO A5_2026-10-01_17-44-57: R²=0.872 RMSE=0.3195 pct_vs_zero=71.4%
LOO A6_2026-10-01_17-33-00: R²=0.828 RMSE=0.3362 pct_vs_zero=62.4%
wrote /home/georg/Desktop/flying_robot_course/experiments/analysis/out/c2_e2e_2026-10-01/loo_results.json

=== LOO decision gate (new scenarios only) ===
held_out                                       R²     %vs0        n  gate
A5_2026-10-01_17-18-28                      0.931     78.9     9295  OK
A5_2026-10-01_17-20-06                      0.931     78.5     9293  OK
A5_2026-10-01_17-44-57                      0.872     71.4     9294  OK
A6_2026-10-01_17-33-00                      0.828     62.4    11406  OK

VERDICT: LOO gate PASSED for new scenarios — operator may consider Checklist G (still not auto-GO).
wrote /home/georg/Desktop/flying_robot_course/experiments/analysis/out/c2_e2e_2026-10-01/eval_model/eval_report.md
