dt,pos_error
0.040000,3.922284e-2
0.020000,1.960444e-2
0.010000,9.793043e-3
0.005000,4.885554e-3
0.002500,2.431273e-3
0.001250,1.226783e-3
