dt,pos_error
0.040000,1.680851e-5
0.020000,1.609325e-5
0.010000,1.704693e-5
0.005000,1.955032e-5
0.002500,2.133846e-5
0.001250,1.192093e-7
